address,ETH_balance,last_balance_change_BlockNumber,updated_BlockNumber
0xc02aaa39b223fe8d0a0e5c4f27ead9083c756cc2,2383656.316576196,7450171,7450176
0x4e9ce36e442e55ecd9025b9a6e0d88485d628a67,2152131.244246356,7447607,7450176
0x742d35cc6634c0532925a3b844bc454e4438f44e,2137088.5700538782,7449702,7450176
0x53d284357ec70ce289d6d64134dfac8e511c8a3d,1378754.093068189,5818164,7450176
0x66f820a414680b5bcda5eeca5dea238543f42054,1200001.539214734,7325007,7450176
0xab7c74abc0c4d48d1bdad5dcb26153fc8780f83e,999999.0124631253,7188171,7450176
0x61edcdf5bb737adffe5043706e7c5bb1f1a56eea,895999.00001,7393150,7450176
0xdc76cd25977e0a5ae17155770273ad58648900d3,850860.6419688871,7262057,7450176
0xfca70e67b3f93f679992cd36323eeb5a5370c8e4,816999.8957510086,7316538,7450176
0xe853c56864a2ebe4576a807d26fdc4a0ada51919,801052.7999597247,6859227,7450176
0x229b5c097f9b35009ca1321ad2034d4b3d5070f6,657334.1426768698,7262059,7450176
0xde0b295669a9fd93d5f28d9ec85e40f4cb697bae,645173.90633858,7392713,7450176
0xf4a2eff88a408ff4c4550148151c33c93442619e,625346.8174313336,7450158,7450176
0x1b3cb81e51011b549d78bf720b0d924ac763a7c2,560000.00001,5357423,7450176
0x51f9c432a4e59ac86282d6adab4c2eb8919160eb,530000.0000101001,5818301,7450176
0x847ed5f2e5dde85ea2b685edab5f1f348fb140ed,483000.09493900003,5531064,7450176
0xa2b4c60a15ebe766ac8fd85c325cc18dc220b576,450026.08934189286,7262064,7450176
0xe92d1a43df510f82c66382592a047d288f85226f,450000.01966472546,7262067,7450176
0x267be1c1d684f78cb4f6a176c4911b741e4ffdc0,432229.0818381579,7450174,7450176
0x0c0f476d716b18d40a09876c10768c02dec2ceab,400000.31892125786,7262072,7450176
0x74660414dfae86b196452497a4332bd0e6611e82,399999.99999999994,7408184,7450176
0x75ba02c5baf9cc3e9fe01c51df3cb1437e8690d4,395432.76252082584,6269308,7450176
0x034f854b44d28e26386c1bc37ff9b20c6380b00d,371736.112321262,7450173,7450176
0x7da82c7ab4771ff031b66538d2fb9b0b047f6cf9,368023.14815,7415310,7450176
0x2140efd7ba31169c69dfff6cdc66c542f0211825,357413.99055462907,7378685,7450176
0xab5801a7d398351b8be11c439e05c5b3259aec9b,350003.57367109467,7415906,7450176
0xa7e4fecddc20d83f36971b67e13f1abc98dfcfa6,340740.998660657,7315171,7450176
0xca8fa8f0b631ecdb18cda619c4fc9d197c8affca,324999.9993640702,7262076,7450176
0x850c0224f37f67c471e860375ac8e39fea61e8b0,319500.00840243156,5497946,7450176
0x5861b8446a2f6e19a067874c133f04c578928727,313382.191622705,7450176,7450176
0x3bfc20f0b9afcace800d73d2191166ff16540258,306276.2723613999,6985657,7450176
0x3bf86ed8a3153ec933786a02ac090301855e576b,299900.0014596,7180344,7450176
0x07ee55aa48bb72dcc6e9d78256648910de513eca,292524.20056762715,7419246,7450176
0x8103683202aa8da10536036edef04cdd865c225e,274999.9994982199,7262078,7450176
0x3a35a67bed013ba23518c2f4fafdf1079fdf2a69,263068.6332712615,7426509,7450176
0x0a4c79ce84202b03e95b7a692e5d728d83c44c76,254248.45391694,5357729,7450176
0x2b6ed29a95753c3ad948348e3e7b1a251080ffb9,250000.00001,5357738,7450176
0xdb6fd484cfa46eeeb73c71edee823e4812f9e2e1,242400.24883016528,7397664,7450176
0x1c4b70a3968436b9a0a9cf5205c787eb81bb558c,227888.03756854573,7449748,7450176
0x8b15eb5ea0a405da4d82f26d9197fad62ef7405a,218676.47419781,7248076,7450176
0xfbb1b73c4f0bda4f67dca266ce6ef42f520fbb98,216289.89955896113,7450167,7450176
0x73bceb1cd57c711feac4224d062b0f6ff338501e,213096.660133442,7428878,7450176
0x22650fcf7e175ffe008ea18a90486d7ba0f51e41,208142.01139432,7277011,7450176
0xe3ecccd6c67da25871fc5ff9a32a6f5c379167a6,207437.97,5998414,7450176
0xa0e239b0abf4582366adaff486ee268c848c4409,200782.2155111767,5593994,7450176
0x1e2fcfd26d36183f1a5d90f0e6296915b02bcb40,200000.97313798137,6787236,7450176
0x98ec059dc3adfbdd63429454aeb0c990fba4a128,199999.99999999997,7390668,7450176
0x8cf23cd535a240eb0ab8667d24eedbd9eccd5cba,199843.57455654777,7444443,7450176
0x07c62a47ebe0fa853bb83375e488896ce71266df,195836.20615300912,7446079,7450176
0xd69b0089d9ca950640f5dc9931a41a5965f00303,193276.1179811963,7305719,7450176
0x036b96eea235880a9e82fb128e5f6c107dfe8f57,190634.00120889,7137888,7450176
0xbf3aeb96e164ae67e763d9e050ff124e7c3fdd28,187068.19559000002,5357809,7450176
0xaf10cc6c50defff901b535691550d7af208939c5,185590.92871946,6306450,7450176
0x60cd748f838651c003c24dbde33c8885d504ed9d,177932.29200000002,7325591,7450176
0xcafe1a77e84698c83ca8931f54a755176ef75f2c,176480.7949576353,7323095,7450176
0x851b7f3ab81bd8df354f0d7640efcd7288553419,172695.817611,7372647,7450176
0xa646e29877d52b9e2de457eca09c724ff16d0a2b,170798.347970953,7303996,7450176
0x5b5b69f4e0add2df5d2176d7dbd20b4897bc7ec4,169031.99351958392,5357829,7450176
0x6812f391fd38375316f6613ee1b46b77ad846c52,164997.84801,5357833,7450176
0x11577a8a5baf1e25b9a2d89f39670f447d75c3cd,162015.7517346397,7440252,7450176
0x9295022fb35b28c65f7efaf678254823d3acbe53,159000.004,7014440,7450176
0xd3bc722ebd74d8f4bc1e732e02db0133041d3364,157336.10328,7338641,7450176
0xe7ec419cbd0f5811dce7141742b665ff1ef9284c,156929.6288335566,7446338,7450176
0x3cceb0d443ca4b1320ae4fa60a053eac163ca512,151133.05873101464,6964860,7450176
0x282edab8a933bc1c02649fe3ea2842ecbe9928a7,151028.16809175,7270322,7450176
0x4baf012726cb5ec7dda57bc2770798a38100c44d,150000.10842474,5357842,7450176
0x8b83b9c4683aa4ec897c569010f09c6d04608163,150000,6803309,7450176
0x0c05ec4db907cfb91b2a1a29e7b86688b7568a6d,150000,6803922,7450176
0x367989c660881e1ca693730f7126fe0ffc0963fb,150000,6803326,7450176
0x9a1ed80ebc9936cee2d3db944ee6bd8d407e7f9f,150000,6869063,7450176
0xfe01a216234f79cfc3bea7513e457c6a9e50250d,150000,6803910,7450176
0x19d599012788b991ff542f31208bab21ea38403e,150000,6803796,7450176
0xe35b0ef92452c353dbb93775e0df97cedf873c72,150000,6803292,7450176
0xb8b6fe7f357adeab950ac6c270ce340a46989ce1,150000,6803154,7450176
0xd65bd7f995bcc3bdb2ea2f8ff7554a61d1bf6e53,150000,6802456,7450176
0x7712bdab7c9559ec64a1f7097f36bc805f51ff1a,150000,6802913,7450176
0x0f00294c6e4c30d9ffc0557fec6c586e6f8c3935,150000,6803861,7450176
0xe04cf52e9fafa3d9bf14c407afff94165ef835f7,150000,6803803,7450176
0xfd898a0f677e97a9031654fc79a27cb5e31da34a,150000,6803883,7450176
0x3ba25081d3935fcc6788e6220abcace39d58d95d,150000,6802920,7450176
0x091933ee1088cdf5daace8baec0997a4e93f0dd6,150000,6803318,7450176
0xd05e6bf1a00b5b4c9df909309f19e29af792422b,150000,6803766,7450176
0x0ff64c53d295533a37f913bb78be9e2adc78f5fe,150000,6803230,7450176
0xfc39f0dc7a1c5d5cd1cdf3b460d5fa99a56abf65,150000,6802480,7450176
0x828103b231b39fffce028562412b3c04a4640e64,150000,6803803,7450176
0x550cd530bc893fc6d2b4df6bea587f17142ab64e,150000,6803326,7450176
0x9cf36e93a8e2b1eaaa779d9965f46c90b820048c,150000,6803330,7450176
0xeddf8eb4984cc27407a568cae1c78a1ddb0c2c1b,150000,6803097,7450176
0xa0efb63be0db8fc11681a598bf351a42a6ff50e0,150000,6803349,7450176
0xba18ded5e0d604a86428282964ae0bb249ceb9d0,150000,6803954,7450176
0x90a9e09501b70570f9b11df2a6d4f047f8630d6d,150000,6802919,7450176
0x78b96178e7ae1ff9adc5d8609e000811657993c8,150000,6801950,7450176
0x554f4476825293d4ad20e02b54aca13956acc40a,150000,6803349,7450176
0x77afe94859163abf0b90725d69e904ea91446c7b,150000,6803746,7450176
0x4756eeebf378046f8dd3cb6fa908d93bfd45f139,150000,6803340,7450176
0xca582d9655a50e6512045740deb0de3a7ee5281f,150000,6803771,7450176
0x1ffedd7837bcbc53f91ad4004263deb8e9107540,150000,6802476,7450176
0x0518f5bb058f6215a0ff5f4df54dae832d734e04,150000,6803233,7450176
0x73263803def2ac8b1f8a42fac6539f5841f4e673,150000,6801848,7450176
0x6047a74d635262fb73ebce6c12bb6b14b3da70b4,150000,6801842,7450176
0xc4cf565a5d25ee2803c9b8e91fc3d7c62e79fe69,150000,6803787,7450176
0x657e46adad8be23d569ba3105d7a02124e8def97,150000,6802126,7450176
0x0e86733eab26cfcc04bb1752a62ec88e910b4cf5,150000,6803241,7450176
0x024861e9f89d44d00a7ada4aa89fe03cab9387cd,150000,6802402,7450176
0x701c484bfb40ac628afa487b6082f084b14af0bd,150000,6803914,7450176
0x81153b940932f49f42e5719fe9d1ec04e0e5c119,150000,6801786,7450176
0xd44023d2710dd7bef797a074ecec4fc74fdd52b2,150000,6802148,7450176
0xb20411c403687d1036e05c8a7310a0f218429503,150000,6803941,7450176
0xa8dcc0373822b94d7f57326be24ca67bafcaad6b,150000,6803340,7450176
0x9c2fc4fc75fa2d7eb5ba9147fa7430756654faa9,150000,6803950,7450176
0x4b4a011c420b91260a272afd91e54accdafdfc1d,150000,6803796,7450176
0xb8cda067fabedd1bb6c11c626862d7255a2414fe,150000,6803924,7450176
0xb9fa6e54025b4f0829d8e1b42e8b846914659632,150000,6803946,7450176
0xeb2b00042ce4522ce2d1aacee6f312d26c4eb9d6,150000,6803741,7450176
0x844ada2ed8ecd77a1a9c72912df0fcb8b8c495a7,150000,6803241,7450176
0x7ae92148e79d60a0749fd6de374c8e81dfddf792,150000,6803724,7450176
0x7145cfedcf479bede20c0a4ba1868c93507d5786,150000,6802919,7450176
0x1a71b118ac6c9086f43bcf2bb6ada3393be82a5c,150000,6802128,7450176
0x40f0d6fb7c9ddd9cbc1c02a208380c08cf77189b,149573.99797557466,6802497,7450176
0xbfc868b0c0af3885389a2242a2afdb841b78812f,149225.77099525474,7259059,7450176
0x2fa9f9efc767650aace0422668444c3ff63e1f8d,148531.69531403927,6826575,7450176
0xd57479b8287666b44978255f1677e412d454d4f0,147699.4245034071,6803236,7450176
0x840760aed6bbd878c46c5850d3af0a61afcd09c8,143912.3422114321,6615178,7450176
0x167a9333bf582556f35bd4d16a7e80e191aa6476,142075.18329255652,7450176,7450176
0x391b303cabf70b80e95d9221fd98f7416a1e7275,140450.96458995,7331348,7450176
0xb5ab08d153218c1a6a5318b14eeb92df0fb168d6,135283.67678600777,5436314,7450176
0x0a869d79a7052c7f1b55a8ebabbea3420f0d1e13,132288.03044699365,3628569,7450176
0xc78310231aa53bd3d0fea2f8c705c67730929d8f,132000.67258036346,7322824,7450176
0xa4a6a282a7fc7f939e01d62d884355d79f5046c1,130379.994987706,7159112,7450176
0xef13a2c29f7a433aff08c60007bc276a64c7bdf5,130010,7366928,7450176
0x246a2ecd9626f9eda55fffbff5216ed417a904f5,129166.90301143206,6615178,7450176
0x25924128d7e41e9bd241788645ba1de8ba8dd640,128529.543,6615845,7450176
0x3f5ce5fbfe3e9af3971dd833d26ba9b5c936f0be,127562.45762374662,7450175,7450176
0x2eb08efb9e10d9f56e46938f28c13ecb33f67b15,126850.00398591999,5357886,7450176
0xbf4ed7b27f1d666546e30d74d50d173d20bca754,124638.62069857196,7433391,7450176
0xdcd0272462140d0a3ced6c4bf970c7641f08cd2c,124387.84096737401,7236061,7450176
0x0117ef7fdb2a5814dff83c50fb799741904cd28d,123450.004,6410271,7450176
0x4ce6b9b77a2e3341c4f94c751cd5c3b2424eb4b2,115304.179533394,7233173,7450176
0x376c3e5547c68bc26240d8dcc6729fff665a4448,114939.00001000777,5418075,7450176
0x2125f3189cd5d650d6142b222f20083efc2d05f2,112419.328566788,7232598,7450176
0x9a9d870472bee65080e82bf3591f7c91de31a7cc,112340.16184170778,7354526,7450176
0xdd5234bf64755ca4c07ee4c6529f89548c01a566,111929.99685000001,7149333,7450176
0x00e5c013694c9ee92b76ce6ad7ad3bcc20475d6f,109487.89749999999,5474711,7450176
0x21346283a31a5ad10fa64377e77a8900ac12d469,108761.24794052569,5636070,7450176
0x3bc643a841915a267ee067b580bd802a66001c1d,108549.4361858932,7338649,7450176
0x47029dc4f3922706bf670d335c45550cff4f6a35,108361.63693365286,7180049,7450176
0xddf744374b46aa980ddce4a5aa216478bf925cd1,108094.4593595,7354694,7450176
0xe8507b1532fc44e41b48efe45cf4abf92c5767c3,107866.0013362366,7402824,7450176
0x11a05633e78aabf81cbc84d58e0f8d07fd25c992,105329.0811286656,6867230,7450176
0x692190b4a5d3524b6fed0465e7400c07d09db954,105266.67823216981,7445034,7450176
0x3fbe1f8fc5ddb27d428aa60f661eaaab0d2000ce,104368.43596125674,7450176,7450176
0xdb89045c811549f7eb925ec16f7d0cd7166556b3,102590.582044586,7222866,7450176
0x4eac9ce57af61a6fb1f61f0bf1d8586412be30bc,102003.00302399701,5357919,7450176
0x2fd56159f4c8664a1de5c75e430338cfa58cd5b9,101766.07145269199,6872226,7450176
0x5657e633be5912c6bab132315609b51aadd01f95,101051.80639112601,5357917,7450176
0x4fdd5eb2fb260149a3903859043e962ab89d8ed4,100116.86592345717,2906703,7450176
0x40f50e8352d64af0ddda6ad6c94b5774884687c3,100000.00001999999,5357936,7450176
0x5104ecc0e330dd1f81b58ac9dbb1a9fbf88a3c85,100000.00001,5359811,7450176
0xe6115b13f9795f7e956502d5074567dab945ce6b,100000.00001,5359850,7450176
0x69d98f38a3ba3dbc01fa5c2c1427d862832f2f70,100000.00001,5359861,7450176
0x0cfb172335b16c87d519cd1475530d20577f5e0e,100000.00001,5359851,7450176
0x2d89034424db22c9c555f14692a181b22b17e42c,100000.00001,5359802,7450176
0x3b7b8e27de33d3ce7961b98d19a52fe79f6c25be,100000.00001,5359849,7450176
0x6586ce3d543e0c57b347f0c3b9eeed2f132c104f,100000.00001,5359805,7450176
0x4b5d3010905e0a2f62cce976d52c4f6eb5e545a5,100000.00001,5359808,7450176
0x7f3a1e45f67e92c880e573b43379d71ee089db54,100000.00001,5359858,7450176
0x06548a28a6b2dd51ef3c01a9a5a359e026474c2a,100000.00001,5359810,7450176
0x2c06dd922b61514aafedd84488c0c28e6dcf0e99,100000.00001,5359856,7450176
0x9d447fcbdb05d1ce3d9b398a1a4ba21b35def209,99999.99999999999,6389165,7450176
0xae3808749e520415fd5184a5ee333b65cc86be8c,99999.99999999999,6876728,7450176
0xd47ae555e8d869794adf7d1dbb78a7e47ccf811f,99999.99999999999,6876738,7450176
0x19a604b24a62931fb48f648d7ac32b9c9047bf3a,99999.99999999999,7426487,7450176
0x399322d74bd044460f6d853c6de8835fdd2685b1,99999.99999999999,7426507,7450176
0x9fc97ce996338b06dd6df8101806ce53ec2e2b48,99999.99999999999,6389157,7450176
0x1cc1c81fd28cd948e94da74fa22fc4182d9ecfec,99999.99999999999,6876752,7450176
0x44c2eb90a6d5d74dce8dccbd485cd889f8bc7b6a,99999.99999999999,6876765,7450176
0xf3f89dac3145cf4020788c34c20b88e1d4329bd8,99999.99999999999,6389173,7450176
0x78358dc57e9498bf033e2c370f577c3ecd9e90bd,99999.99999999999,7408210,7450176
0xba3fd3c06e5c670c15d7bc43c935cc02a3cc87d2,99999.99999999999,6389180,7450176
0x8c57902b34c5bc3d6ba750d7654f49c0b6187703,99999.99999999999,6389194,7450176
0xc44bdec8c36c5c68baa2ddf1d431693229726c43,99999.999309839,5359906,7450176
0xb1179589e19db9d41557bbec1cb24ccc2dec1c7f,99999.99186768301,6139770,7450176
0xc39cc669a548c661dfa6b5a1eeaa389d1ec53143,99998.99917,5359908,7450176
0x0d0707963952f2fba59dd06f2b425ace40b492fe,95079.65491034153,7450162,7450176
0xf274483d5bb6e2522afea3949728f870ba32bb9c,94837.96419629,7368970,7450176
0xf775a9a0ad44807bc15936df0ee68902af1a0eee,94110.99895165478,7450176,7450176
0x1b29dd8ff0eb3240238bf97cafd6edea05d5ba82,92651.58541549,7226805,7450176
0x0dbd8de20eed94a5693d57998827fcf68ed2ecf4,92499.89217400207,4768628,7450176
0xc8e0c9ba619f64c948b065a70f4085fdbaf9316d,90999.996556,5589839,7450176
0xe04a2634ff71461e342bcdc29ed807634e1565c2,88877.116306884,7234521,7450176
0xb7e698183c6735484bcef276ea26125b57846d2c,88750.00002,5359945,7450176
0x54fbd667181db44a28a96b364f294f82f1b0827b,88750.00000999999,5360115,7450176
0xd329c11106d696cf5165265a00decfaa0f0878f1,88750.00000999999,5360109,7450176
0x534af382c275aa19dc095bf50c80c8717c86daca,88750.00000999999,5360107,7450176
0x50bee102a94eb2b1c0aa716a811de35a694e3387,88750.00000999999,5359961,7450176
0xb8a2626a015b86d1cf1f8445de0b0c6e65a7afb8,88750.00000999999,5360107,7450176
0x25b7231d3a8013ef4deb454e5c561a8b49149390,88750.00000999999,5360125,7450176
0xef05afdc6fe371cf23b34ab5b8e05775b369bf4a,88750.00000999999,5360106,7450176
0xfa4c4df1a902a70bbd1593c13cac9e8e6c26c566,88750.00000999999,5359948,7450176
0x03f35f53a2598f9a1c8a452398d08429be70b7fc,88750.00000999999,5359959,7450176
0xced1bc4b58b19f6f4b90557b0bda0ad328f7e4bb,88750.00000999999,5360112,7450176
0xd532ebeb6ab531d230b6ad18c93e265ff0101dea,88750.00000999999,5360118,7450176
0x3e962c8bce3c7a7bfbc3ca7a0018e158692ee095,88750.00000999999,5360159,7450176
0x30a2ebf10f34c6c4874b0bdd5740690fd2f3b70c,88657.12447599,7230639,7450176
0xe4f4866437513e7e023fb3933ba43045312b7459,87084.84323393999,7226334,7450176
0xb3764761e297d6f121e79c32a65829cd1ddb4d32,83017.07422209799,5844913,7450176
0xd24400ae8bfebb18ca49be86258a3c749cf46853,82678.67774096504,7450156,7450176
0xad6a5bd7ca49281912992be1b726efdef2a91294,82443.80236078548,6921865,7450176
0xd73e909cafbbac5db73a01f2d6973154683052c5,81471.2721,3743596,7450176
0xb46427e2cddecb0bde40bf402361effddd4401e2,81444.24824274001,5360178,7450176
0xe7b95e3aefeb28d8a32a46e8c5278721dad39550,81299.81700621723,7441877,7450176
0x899b5d52671830f567bf43a14684eb14e1f945fe,80000.994972121,7442268,7450176
0xb70e68b65e69822e90e2b9a40000ca9cc2a5f05f,80000.14000000001,7198631,7450176
0x030e37ddd7df1b43db172b23916d523f1599c6cb,79999.845416537,7448138,7450176
0x51fd527c62e40bc1ef62f1269f7f13c994777ee2,78306.19183916351,7248651,7450176
0xfdfeb7474b6b104f32599948bb7f8ed81b06def3,77735.850855778,7223795,7450176
0xb240a3bb14893c35854fff452a540a64af708b6c,77725.349076,7412332,7450176
0x8d95842b0bca501446683be598e12f1c616770c1,76379.23492390622,6917472,7450176
0x8033539e873b3f0deaba706dd6d3480e0dd5cb30,76212.17538899,7230874,7450176
0x3f7e77b627676763997344a1ad71acb765fc8ac5,75426.327490586,7235081,7450176
0x5cf2639da7afb1e4d94df8abe3b383e4a6faaa66,75000.939416,7375801,7450176
0x8317ab6588b0f6643773fb3049e1e5d93d6002d3,74346.9877728881,7380146,7450176
0x80845058350b8c3df5c3015d8a717d64b3bf9267,73678.31388195777,5423620,7450176
0xb74de1a0832c436359018ee3611e3ce42b133471,73666.102333792,7446720,7450176
0x1570073bfd8b1b19435fbc79713138e80287fed8,72000.00029,6985020,7450176
0x755cdba6ae4f479f7164792b318b2a06c759833b,71456.27801307918,7187795,7450176
0x5e032243d507c743b061ef021e2ec7fcc6d3ab89,71264.70219845753,7450176,7450176
0x32be343b94f860124dc4fee278fdcbd38c102d88,70594.73155614744,7450176,7450176
0x689d6140131b2a5eb2fb899b1b180ea23b2b869b,70305.78645325029,7295128,7450176
0x39d9f4640b98189540a9c0edcfa95c5e657706aa,67815.819754505,7450151,7450176
0xe825363f3bedabc95b2a9d42dbc73ec7b82b57d3,67497.27098364606,4564914,7450176
0x1e143b2588705dfea63a17f2032ca123df995ce0,67317.25758198104,4337331,7450176
0xdfb6a4b143f6a1de4725c451c46433801de52bfd,66790.30053684766,7363233,7450176
0x955a27306f1eb21757ccbd8daa2de82675aabc36,66520.81137640734,7268804,7450176
0xe8e8f41ed29e46f34e206d7d2a7d6f735a3ff2cb,66074.98066996298,7419706,7450176
0x8759b0b1d9cba80e3836228dfb982abaa2c48b97,65334.932797375055,7248098,7450176
0xa2f6abe26fe0e1c1f2684ab002ed02a59ffbf85a,65259.967620797775,6170587,7450176
0xc4427b82d97f1a3ae7cbeff01a938abe56039227,62000.998718979,7118040,7450176
0xa5384627f6dcd3440298e2d8b0da9d5f0fcbcef7,61377.647029760104,6760991,7450176
0x8b505e2871f7deb7a63895208e8227dcaa1bff05,61216.6,0,7450176
0xff64a8933e05c9d585ab72db95d207ebee9be5a8,60106.380286981745,6199511,7450176
0x6c76bb6843c2ed9a5ad484edc9fecba5cd80b6a0,60000.87147091014,7159686,7450176
0x2b66dd4eb5af85ebfccd4b538e87729fb9556764,60000.35291946588,7419246,7450176
0x9d3937226a367bedce0916f9cee4490d22214c7c,60000.208695914545,5212204,7450176
0xcdbf58a9a9b54a2c43800c50c7192946de858321,59999.99853,6295608,7450176
0x1342a001544b8b7ae4a5d374e33114c66d78bd5f,59491.409999999996,5692878,7450176
0xd4914762f9bd566bd0882b71af5439c0476d2ff6,59480.51,5692872,7450176
0x5bcd25b6e044b97dfc941b9ec4b617ec10e1abcd,59285.760290408594,5420631,7450176
0xa43d2e05ed00c040c8422a88cb8ede921a539f92,59013.14017755,1155587,7450176
0x998a7fd73446cd6532bf3058a270581730b27137,58938.037123359,7221991,7450176
0x693be1ea307e3b3826d34e96336399969898dee8,57812.783178344,7224469,7450176
0x7ef23aae22c1b3c3ecfee1aecbda03ec86784c95,57637.74215094,7351809,7450176
0x82c4824bf7695c459ff5d6bb6263ffde66b94237,57523.752942,7373295,7450176
0x8599cbd5a6a9dcd4b966be387d69775da5e33c6f,57478.944801135,4924419,7450176
0x65b0bf8ee4947edd2a500d74e50a3d757dc79de0,57282.8975340555,7450162,7450176
0xb8d2b921c0ea0ca27266fa63907a079ef25084d0,55918.731817156615,7433712,7450176
0x05576087d1ad92873da0a3b76e7105195935b0f5,55230.015329897775,7247830,7450176
0xf5bec430576ff1b82e44ddb5a1c93f6f9d0884f3,55160.67255701767,7450175,7450176
0xd641651ed7e19a04ce536610d75b3dcaf427ad73,55067.2555959706,6959927,7450176
0xdd76b55ee6dafe0c7c978bff69206d476a5b9ce7,55004,7117837,7450176
0x7c2a289c0523e748c286a37570d2efc16d2c934e,55000.553059,4183802,7450176
0x6a25f40929a1fe4984f914b9d87e2c461cce369b,54999.921258999995,4183802,7450176
0x8e279e54b04327adf57117c19bc3950d7109407c,54283.95964988778,7146443,7450176
0xff1a8aa13bbb3d30df82687ff52fff032ded03ba,54073.19597312622,7449082,7450176
0x415655297a0f299d13acce68195890200c5d4a8b,53244.08201615665,4969406,7450176
0x19184ab45c40c2920b0e0e31413b9434abd243ed,53062.13378700005,7151479,7450176
0x64c0f718c0db601d392cdc8f6375412e257c7f32,53040.241101758,5654278,7450176
0xe2f34156be01c20aa815530d3a05b8951178bd81,52807.72433774,7276250,7450176
0x78a5e89900bd3f81dd71ba869d25fec65261df15,51900,0,7450176
0x00832a758a781055ac19b5f9bf553db8bb9db32d,50689.55771835747,7188161,7450176
0x7454a7562b0cc0141df9103ca45dd8fc28975366,50578.53402112556,5423008,7450176
0xceffc7330317f72957c662d072a5e7d63b9b578c,50399.93895,882993,7450176
0x31e8e8b728bcde2287c275de4bedc4d8c6efa925,50010.999412000005,7228607,7450176
0x50cb0508434b4c68a2c4fde30b02b269d2d5b6bd,50005.986534917,4327425,7450176
0x50bd66bfddf48b8914602bf51c93756731ec51ae,50000.998718979,4327427,7450176
0xc42bcd5617a7bc3324526e6d4cfdb9d11395e4fa,50000.992475,4645233,7450176
0xebd1d79219ed39223e1540bfabd987f955b039b2,50000.898559,4183683,7450176
0x5a03703125380cfda804446fdaa3b4064cb6cc0a,50000.89,3652915,7450176
0x6220d7a458a68d6a554e5904792049fd2ef6bbcc,50000.419059,4183802,7450176
0x17021eaebcd51eed93a45a6f81b71c441182e8d2,50000.386559,4183677,7450176
0x45c0ac102f35384825abb6e4ba70c786e9697ae3,50000.330559,4183673,7450176
0xea1d686be5e38260cdd50c96ed09c58fffba23cf,50000.298558999995,4183721,7450176
0xbd69cbe009973a48edeccd4e4dd9bc5a1f66da46,50000.29200403,7038803,7450176
0x71cdbc5b77c03d855ed1ec61ec5c2d3627c61e78,50000.232459,4183669,7450176
0x1b0105235f7c8e1b71e681302cc5dd72169f5b7e,50000.221559,4183653,7450176
0x532d90e829680721a2edb4cdb072ec45dab1333c,50000.221559,4183657,7450176
0x0d454ce15b3fdea213ceb911346b330e31fbcaff,50000.220559,4183718,7450176
0x83403a5fbf92c88d35ac77633b29a87716db4ff6,50000.219559,4183687,7450176
0x34b7b1b28373c4eef868f787a843e5a1871a3cd1,50000.208559,4183702,7450176
0x3ffbdcb15fd085a342a8ab88162b4842a7a6a354,50000.199559,4183715,7450176
0xb9db6142c780e8f3ff3fe5e94fc784ae537ca329,50000.196558999996,4183709,7450176
0x07f1d450b16e53302931c5362ee0ab41f2978541,50000.150118,4183617,7450176
0x61687ed007aea3c0409b7c742aa6578c6a9077e7,50000.148559,4183729,7450176
0x32ee845fb08699fec04e1129c77ba326abf621c7,50000.141759,4183662,7450176
0xabcdebb0d9c509460eb58ad134b4f57191f640b2,50000.099039,3271363,7450176
0xfb626333099a91ab677bcd5e9c71bc4dbe0238a8,50000.04958,3471430,7450176
0xc97b6e3e4301617f617b23120f31303e8ccee606,50000.01555900001,4183027,7450176
0x565b8fbf9336bec8fbfb4f78fbf30d7f70d6973b,50000.012559,4183636,7450176
0x8387dbf85230975a26909c1240f6aea7eb45f9f3,50000.00075833578,5423664,7450176
0xe780a56306ba1e6bb331952c22539b858af9f77d,49999.99999999999,0,7450176
0x9dd172097560b0830fb4faeaa0ec73d6cdb2a913,49999.992993219,2049489,7450176
0x6a7b2e0d88867ff15d207c222bebf94fa6ce8397,49999.498677,6141389,7450176
0xa18eb0ed2543be132ef5aa3c8a87a0f5b2e30fca,49996.54870979241,4972289,7450176
0x2a0c0dbecc7e4d658f48e01e3fa353f44050c208,49028.009900603654,7450174,7450176
0xa3cca563fb6ecce1e02041a20486781da406a3e1,48999.991943033994,4318880,7450176
0xec5feafe210c12bfc9a5d05925a123f1e73fbef8,48879.111552368675,6989261,7450176
0xeab8f76c098d2c2262a46dd3fb85e9340081a0dc,48777.882711000006,6820569,7450176
0x72c683fdddc27575343edc84069f40db24e4b0a4,48764.4837404497,6673936,7450176
0xd964a23cf2c7a38107e9d8d487ffee76186bacd7,48681.002564513816,4952616,7450176
0xc019139e9a3223f31015a73e13899c73fe64d524,48547.98602978,7437154,7450176
0x11d1dfeb422f9d482baf02f3d72a12ec2b82d373,48449.428068,6867967,7450176
0xe654cff688930b6b8979f1a0c2f051e21fd1627f,48262.92822,7252790,7450176
0x66412fec63ac4e13d96a153b667f6d993fd717e8,48199.973720379996,5053582,7450176
0x7534016ca9441b1628369a65fc40ff39fbf3b458,48020.17749048,7414156,7450176
0x1a24fac4ef97e364751516f1a1eef6d59dc6fce8,47976.3184174473,4156769,7450176
0x716ba01ead2a91270635f95f25bfaf2dd610ca23,47778.9991245,6951130,7450176
0xb3f060992efa9993006ed06cc6318e8c85f3d5c9,47619.860032771336,7378231,7450176
0x8fda0da8b682601f8b6c08e271fc6b51460adf01,46977.377189690786,7004972,7450176
0x0fbe8e4030df8e41ee4462a20d9fd80fa1f03342,46680.8843592223,7253120,7450176
0x11a4b512b7cf8a038316fb36d83f4cdd64ca6cb8,46000.58886385,5857599,7450176
0xcf881556a2fdd7d0b0eaea737c13aa691d952d07,45768.84892212284,7450167,7450176
0x1c11ba15939e1c16ec7ca1678df6160ea2063bc5,45537.24389318217,7436987,7450176
0x31548990804beef79102effaaa1a0b1883c555be,45261.702980949995,3867046,7450176
0xee8d8ababb63bcd41e70a30b187cbaaa4e5d7ec6,45000.997811,7007519,7450176
0x000a89419ba4ea71aa57b5b5562405799069571d,44999.992043737,4317031,7450176
0x73db218509050f3a169cba7289fd9ebbe6dba2ff,44999.988255603006,4318542,7450176
0x957cd4ff9b3894fc78b5134a8dc72b032ffbc464,44744.39687512684,7439649,7450176
0x49be8a0773824e2917f4baccebbdf298e7cf27bd,43918.534288990006,7226539,7450176
0x1ac33f385a4e9fe2d809a81c5c10473f81ee0ed3,43786.31009354698,4139002,7450176
0xe53fff67f9f384d20ebea36f43b93dc49ed22753,42700.455543309996,7318112,7450176
0x154af3e01ec56bc55fd585622e33e3dfb8a248d8,42422.88196492754,5417067,7450176
0x54e8c58d1e90282b67fb69648e9d8e21b9716c89,41998.988256883,4317171,7450176
0x9cf8d36f4aab14ef4975ac6c98f896865f0900c5,41480.6454142,7449345,7450176
0x0a4a011995c681bc999fdd79754e9a324ae3b379,41350.3,0,7450176
0x2b1df729083f6416861445d8aaac04ebdcd4a848,41242.779685,6790601,7450176
0xa7c5942a8305e88a08ab34fb73ef9dd8b329da05,41237.90337572326,7394975,7450176
0x5696ae5ad2c22a4afc03bbae5bf18ca9278ae5c5,41234.433950000006,701743,7450176
0xcabbc50e1d97490a07cc0d1048c7639f1b11f4fd,41179.929320819996,4676772,7450176
0x9c5a760c303c6723443cf40b853ad1b2834c138b,41172.988319883,4319527,7450176
0x4b068fe2cee007a48db70b28047470ded49d6aba,41040.33589787,4418107,7450176
0xddbd2b932c763ba5b1b7ae3b362eac3e8d40121a,40807.17856607,6451971,7450176
0xf367ae3ec7941e5145eebe0a820da59a7df82012,40791.249887801,4886792,7450176
0x00656be65fc59891e7ba715ce4f644bb19bd5f88,40756.159622,6212203,7450176
0x67bb19d5a4f1b9939178d92a09d62444e4a76438,40496.46580669904,7225211,7450176
0x17297d33bbca95f8ac2fc56fa614f427a84069d1,40423.992959676,4318304,7450176
0x97e813b9a81d097e60a5e6311bc9a475199b67ae,40404.76034957,7390935,7450176
0x43f30328e6e27df0311ca852c84612b9b634c4ca,40170.85402493139,7245962,7450176
0xabdc9f1bcf4d19ee96591030e772c334302f7d83,40110,0,7450176
0xd522b107511815958856a6ead90673641c0c5feb,40072.31999999999,6629039,7450176
0x2f31ed1b46fbece4c9eb9d25f34c981d530d3843,40010.009999999995,4773536,7450176
0xaec27ce2133e82d052520afb5c576d9f7eb93ed2,40000.001772356874,7215543,7450176
0x2dca0e449ab646dbdfd393a96662960bcab5ae1e,40000,0,7450176
0x69fbae23477a8fee6f7a3513f85ebace757efdc1,40000,5697182,7450176
0x5cc4cba621f220637742057f6055b80dffd77e13,39997.692,0,7450176
0x39d787fdf7384597c7208644dbb6fda1cca4ebdf,39614.67143,7129624,7450176
0x3eb01b3391ea15ce752d01cf3d3f09dec596f650,39464.03459039933,7404370,7450176
0x0e5968cd0a732567669312afe3b1689fc9792dd6,39260.4417606,6338159,7450176
0x02fb53a32eabb461468d9f651872e94c0b963978,39006.338,3481735,7450176
0x132cf1dce6f1fe9cb82dbaaf9f6ad8a1be638378,38947.99580046872,6673306,7450176
0xebbd58cd1c31c08ef7a17337c264ba502762e993,38907.719243,5572163,7450176
0x005bdf2845064db405f5c99aaf9510d0b19e7ac2,38576.89916,6212629,7450176
0x00a71d1ad24f170668c06f294fbde078ed9973b9,38216.99900565,4881737,7450176
0x397510f7c4909eb2c30959f1470ffad7eb3869dd,38070.856230260775,6634023,7450176
0x00400e876c877b30514c6f9d2668041da0ed9280,37996.449664,6211868,7450176
0x89ac2d3446e010344faf7c8c55aeab57055d3571,37929.25002299999,7444080,7450176
0xd64a2d50f8858537188a24e0f50df1681ab07ed7,37590.99344747,3573751,7450176
0x17e0e1c4442ea39eb8cf20ab01e5060671e6f608,37571.009214915575,7270080,7450176
0x04786aada9deea2150deab7b3b8911c309f5ed90,37257.517492309344,5692884,7450176
0x961914a2f166f2e2e4ecdc691b4a9272588a8aee,37174.16936495014,6324950,7450176
0x5a85aafa7fbca99ea32df27c33b14831feeb20f9,36892.59184675778,5420578,7450176
0x1522900b6dafac587d499a862861c0869be6e428,36386.418689424376,7450176,7450176
0xc57d95b7148a3cae2a580a9c59ea6ea97fb05b0e,36314.91528395273,4319908,7450176
0xeec606a66edb6f497662ea31b5eb1610da87ab5f,36233.040653494,7450175,7450176
0xbf35faa9c265baf50c9cff8c389c363b05753275,36002.58556296243,6775313,7450176
0xe9b45c2973ed20285ac66966eebd52d5e0fe7362,35778.69129,5061498,7450176
0x0ff24158220a14398f047a80a513617ddc4f5289,35322.426155258116,7449450,7450176
0x74fea5583d51dc763a303609f4164b929e454af7,35209.43001274,7446535,7450176
0x044d9e4b27cdbe643914dabddd488a1cb07490b7,35024.50424588555,5412567,7450176
0x29d38fdf26d64fa799276e6615759d27db1f1fcd,34922.06024293869,7449328,7450176
0xe3031c1bfaa7825813c562cbdcc69d96fcad2087,34279.13355296199,7450156,7450176
0x4430670ad02a9cf701dc9fcbca724bea1e1c0d53,34183.13382923959,6247389,7450176
0x56a975d17abbf225d61550819504f1dbef1845bd,34178.299874000004,7110829,7450176
0xd9b783d31d32adc50fa3eacaa15d92b568eaeb47,34010,0,7450176
0x882c8f81872c79fed521cb5f950d8b032322ea69,33997.999832,4092638,7450176
0xdf7d3b7544a9638790609e2b511a83fa7d39b776,33945.16180284598,7282421,7450176
0xcd08bedee338bf69f38ef49ba64d88043a2d1953,33927.960895112046,4470267,7450176
0x40e8483d83022aa1a2d50542eba6a4abc126db1a,33609.35616501281,7242027,7450176
0x184744fb0ae65515732b76b6480d01975009af1a,33600.653999999995,587983,7450176
0x6cc5f688a315f3dc28a7781717a9a798a59fda7b,33508.62290797,7450172,7450176
0xc330b360afd9e0b6892f3428989bd5cd543f01c2,33264.46496331519,7273690,7450176
0xdf6b7c8ad562f051d3e3301edba96b245df5e8dc,33225.76639372404,7313778,7450176
0xc33ece935a8f4ef938ea7e1bac87cb925d8490ca,33122,0,7450176
0x4e9bb3dd9cb7d7b38e5de748e7b0444ddf10889c,33082.981055066004,4210338,7450176
0xdff4e8f4d8ba1418ae1f2807943ff47d218d5f18,33000,4313599,7450176
0x185f19b43d818e10a31be68f445ef8edcb8afb83,32835.02911454179,6351774,7450176
0x07320deb2713370a3d7b49189fc2f99906e1ae8e,32439.870063151913,7436752,7450176
0x38b50146e71916a5448de12a4d742135dcf39833,32199.999999999996,0,7450176
0xa04d07820c5d302b62a59b7b0f422255ce4ab1ca,31813.946100256868,6739778,7450176
0x9cbadd5ce7e14742f70414a6dcbd4e7bb8712719,31710.56888012721,7438255,7450176
0x1324e7b922b30b49ab8ea81086341cc41c249346,31652.869493362,7345680,7450176
0x81b6fff426040dcae2afdb2f7693520371013f94,31600.746673137,7196405,7450176
0x03e1fa19a43ef3d4b16889ed2ad0a72e098cb7ab,31203.994978900002,7205321,7450176
0xa97beb3a48c45f1528284cb6a95f7de453358ec6,31000.000000000004,0,7450176
0xf2b595c7327ef29b537e0981ef99d62257a73136,30954.23074128215,7101954,7450176
0x467d2c66dce56c2173807f8a4ad86882aec5c4f7,30804.489579824523,7435548,7450176
0xaa923cd02364bb8a4c3d6f894178d2e12231655c,30789.73243077584,7261946,7450176
0x28800b3df0ff4eb76809b17b75f43060b7256279,30726.3820733069,2734910,7450176
0x2bde3b9c0129be4689e245ba689b9b0ae4ac666d,30527.13776378,6945089,7450176
0xbe872ae9eea23e1440b7c5d4eea52fa540aae6c0,30514.7968502506,7373487,7450176
0x16a0772b17ae004e6645e0e95bf50ad69498a34e,30367.382372170287,7330349,7450176
0xcf07b11708a012de854d26fa30a0f0e41831bc55,30058.58669,7137884,7450176
0x3da0ab582d13ebb031babb3ba190ae866007fd5a,30049.9,5290783,7450176
0x9bbc796ac9b795baf927ae69f4af45d4516c0787,30049.52868800714,7384596,7450176
0xbd942b90305fa8aee32abec40ab0172886437ed0,30038.645743029,3967387,7450176
0x491561db8b6fafb9007e62d050c282e92c4b6bc8,30023.00000022,4595034,7450176
0x0c31ea410b322ce061e69e3ede690e064b6caeba,30010.489999999998,5290772,7450176
0x287a19ddc1986e44b60e29ebfc87bd14eccc011f,30002,5518904,7450176
0x63ee2329ecf7c85ca1268f281f40f3f06210af6e,30001.047382334364,5285941,7450176
0xb0672c6269f180db21b920b0bfdc29b6824e6aaa,30000.04945867876,5431075,7450176
0x0e6ece99111cad1961c748ed3df51edd69d2a3b1,30000.047547199923,2720076,7450176
0xa32e317f86ba61e87083e3e39bebba3837697678,30000.015584999997,5956176,7450176
0x503b8a680254c9e41f652bfbd15e68cc445a36ea,30000.00005059,7043919,7450176
0x955db3b74360b9a268677e73cea821668af6face,30000,0,7450176
0x9ee0a2335466e3c8d60b625241bd64afa99cab73,30000,4645277,7450176
0xe3ab823b8b3ee9b76d43ea27b1cbdd3a3f281599,30000,4424286,7450176
0x654aae6cc26a28d1b8f6f735595688743f6c68fd,30000,5518912,7450176
0x7a9cf0a24f45e035b86f498b5c71cc350c7bb750,30000,5518921,7450176
0x6704ae62cc59f9d39a31be4b91a29e4825966f33,30000,6914877,7450176
0x69073269729e6414b26ec8dc0fd935c73b579f1e,30000,0,7450176
0x8ff869f77c868b65a2a44b09ce3ef33ce617a04d,30000,5518909,7450176
0x79cd6e611a948d3fab483ab5ebc49877b452dc17,29999.999769,7071569,7450176
0xefbbb2fa168afa45e4e1320be543f1aec876cb53,29999.999559,7009595,7450176
0xbd7167f975a3866322cedb7067b4413deb93c04d,29999.74958,6835837,7450176
0x2449bfe8754b79add948bb3814aceff176b6e559,29910.111494949997,6238544,7450176
0x9f0673e07d8f70e01747ba3ebef51ef06ace2388,29905.296190764395,7425717,7450176
0x6dd5a9f47cfbc44c04a0a4452f0ba792ebfbcc9a,29805.741126936005,7110565,7450176
0x0681d8db095565fe8a346fa0277bffde9c0edbbf,29789.119441556526,7450169,7450176
0x09077bff00cb8012072ed2b7f6e75f532cf22e0f,29404.590263779482,7420637,7450176
0x9b6e7c26e43fa5c6bb5803e5f23462b93a905c6d,29299.997725819718,5430268,7450176
0x6f50c6bff08ec925232937b204b0ae23c488402a,29228.855850256,7450173,7450176
0x34922c80dbfd8f1770cbe371b51e615e76f4a777,29185.981034076,7449033,7450176
0x6d327a65360538abf54a95eab3da912f8b0b2f37,29080.015977286086,6573981,7450176
0x3b436fb33b79a3a754b0242a48a3b3aec1e35ad2,28975.808655133776,7157697,7450176
0x60d0cc2ae15859f69bf74dadb8ae3bd58434976b,28960.98918422298,7449013,7450176
0xaf1931c20ee0c11bea17a41bfbbad299b2763bc0,28779.965507518136,7450176,7450176
0xf9aac6a1c838b36e2953115804806564ee7afaa8,28746.348465799998,7442659,7450176
0x41222b3588e603d5df352ce69e31e58ce9ef986c,28691.24253440778,5418455,7450176
0x876eabf441b2ee5b5b0554fd502a8e0600950cfa,28614.830715794964,7450172,7450176
0xf4c8ebf4a94556d30336d381394f01fd6dbc5ea2,28129.81815595,7347957,7450176
0xb5d6ec81abdbf7fed987e06075ce16d7c0a50ed6,28077.061447796295,5436518,7450176
0x944a81e4018439b8ce00391fe6b9fd0e81e9ce20,27937.122115395778,7077652,7450176
0x627b0b149b3826d6f625db6c55125a5667c7a77e,27929.03942547,7121646,7450176
0x006135dc6c63f9d8ca5fe4a4fdaaf2f7d060c3f0,27702.499832,6213818,7450176
0xae5d3d7ad60939bc9f0a5588457b5e75fa458d2e,27586.486797029265,6565836,7450176
0x7e6614722614e434c4df9901bab31e466ba12fa4,27522.150577000295,6194089,7450176
0xe9eca8bb5e61e8e32f26b5e8c117561f68084a9c,27501.88387782379,5827796,7450176
0xde1da1b021610968a40fe0c2983f62bcb10d1035,27137.401259,6466914,7450176
0xadac67016ab767512ec06ba17786b7efea944238,27060.347795,6835837,7450176
0xacf6baa551ef748b4b84be6fa346c5174d49d585,27011.19774828078,6232713,7450176
0x687c8ecbc10ed1ff6b1d700037fc4b873cf7e424,27000.000000000004,7220144,7450176
0x5d8d31faa864e22159cd6f5175ccecc53fa54d72,26980,0,7450176
0x618053cf06c1af3ee1cc1545b2f344135ac0e98e,26976.630878434076,7416269,7450176
0x38f68b95c0d0a2cbf56a028fb52e6950aae8f293,26789.098778934,2834169,7450176
0xa1a45e91164cdab8fa596809a9b24f8d4fdbe0f3,26752.262225429287,7145772,7450176
0xca1f99e888122a8f8656e9f3f66a24f455cfa716,26728.67411726,5458238,7450176
0x76ae5632ae65d95dd704218920f7d8ac4daef9cc,26580.98755922778,5423107,7450176
0x94f4bbf7f3ef476431fdd78b6a60395b9d0768f4,26500.00888876849,7272616,7450176
0x8d12a197cb00d4747a1fe03395095ce2a5cc6819,26245.547281592106,7450176,7450176
0x187e3534f461d7c59a7d6899a983a5305b48f93f,26216.456866157878,7449907,7450176
0xe8a44444c7cb19669e9ffd30f5b73d2dbb15565f,26001.000000000004,7347909,7450176
0x95cddecd01856aa896426bd1ee021d87f3a5c199,26000.1588260031,5297357,7450176
0x5028fa1172c91cd46e2f09ff4b5a75abf41106b3,25999.999622,7126041,7450176
0xd28c567f1b52119b32a3af6066c36149c2f86d12,25957.6746679,2602393,7450176
0x53bd12031e4cd6af14c91d4122152ead80ccb342,25874.801381915644,6809708,7450176
0x96a6d2aa93719df9045e8e81a13ff25ee4e5935d,25722.68042788819,6985222,7450176
0x2910543af39aba0cd09dbb2d50200b3e800a63d2,25611.107099432582,7367777,7450176
0x738ca94db7ce8be1c3056cd6988eb376359f3353,25500,0,7450176
0x4214e41577ecec7a9a5de4d152df1a2dabbc3237,25236.4164191755,6996204,7450176
0xdc197a0f81c3a6dca9c74518c504780fa3084489,25235.4135197,7278080,7450176
0x0f564a2a5fde73349890e86e9b2aa1639994bf2f,25202,5347089,7450176
0xc63beb7a137473d043a1d9a3d3b3c298f6985c97,25159.60160964543,7443655,7450176
0x81b4d64bb3dd19d14f4e358ad4d9b5a6c13f4f23,25000.0868,2030994,7450176
0x2eafd40e7f7b6fd04c292bc42d90ed17b6b7b55f,25000.07755526558,6421654,7450176
0x4ebf51689228236ec55bcafef9d79663992a7fb6,24999.999496,7392794,7450176
0x2b9eaffde5beb9573d9078318f559418f2d2ecce,24999.997459,4902889,7450176
0x57757e3d981446d585af0d9ae4d7df6d64647806,24882.305673258885,7445811,7450176
0xd7ec76f7f8f8397b1ca486431adf1e0ab454307a,24619.556521206003,1931867,7450176
0x6032dfc7869799418b7f9185a356dd704a73e6a7,24481.68735445,7216000,7450176
0xb8040536958d5998ce4bec0cfc9c2204989848e9,24472.42001,5252938,7450176
0x88aa042c4aae423e0f1bb48542b473d1dd20a807,24384.002,4127373,7450176
0x00c7122633a4ef0bc72f7d02456ee2b11e97561e,24326.609992664835,7185391,7450176
0xdf95de30cdff4381b69f9e4fa8dddce31a0128df,24217.0028745344,7450176,7450176
0x5655672eefe0f349cbda7ac5848e6f79a15701ee,24152.610719332002,5504280,7450176
0x15e34a8324164ef0890471f6f527451f7a22cf12,24099.996869274466,46276,7450176
0x9d217bcbd0bfae4d7f8f12c7702108d162e3ab79,24075.4011899318,7059829,7450176
0x3b8482d49a77fe22f57eb5b000c3777b2b7b9470,24068.64325297808,4271958,7450176
0x08fa98ab5abafb4e6da8c11caebada2d2dce6325,24014.1825509,6744879,7450176
0x870d953326d016e37b5a91632851dafe3ae9d5f4,24000.510000000002,7274075,7450176
0x1f973b233f5ebb1e5d7cfe51b9ae4a32415a3a08,23939.661080188336,7450176,7450176
0xe89a56db2b9e269699527b4f6f9cf4a0284888cf,23931.409976310002,7349157,7450176
0x5b47ac3ecb097a3492a11480e3eda58d805bd530,23850.099381346954,5420589,7450176
0xe57b402270dc20dc848bfbe3110ee3268734cfa3,23743.470455094997,6735978,7450176
0x06fed18718975d9e178e0c0fea35c18eac794c3f,23475.43239050936,7431705,7450176
0x746aaac06b04c36f5fea9bbb35ca75518eda1cca,23369.766454999997,7013777,7450176
0x813697292505a00af96d4a69e5650c3371cff4e6,23300.224191445748,7321030,7450176
0xe1017e1ccf21349d7e8f8ba15fe681343fb3cb6b,23194.984358614223,7450004,7450176
0xee5eabe10d1bec651626bdc62d17f7c45c6366fe,23189.24473558131,4351414,7450176
0xbff679a88a7b21e0f4d11dfd5c5dcafcb9a5d8ac,22966.3943011555,7168711,7450176
0x37c3c6f5738a96041fc79772607c7916e355da2a,22964.070310687985,7204614,7450176
0xbcf500ebf2c4825879d48fb8bc7d88c6889dea48,22940.24318111506,7071585,7450176
0xd95a5174dfcb98c06d0ba59bfd2dc281bd3f43ca,22899.178763254702,6706429,7450176
0x770807e54f00a3a2cafedb5eb2f7f4c147f23a0c,22888.888859036,7278641,7450176
0x2ca0495e8dbba92c8f25fbe950e33ed6c9c95579,22800.098214999998,7427774,7450176
0x68b1abc74b0460f7b34b03ce26aa91e6ddbc7388,22777.62063209286,7437112,7450176
0xc0d5c4d8bc3294ce7ab2e37a2c85fa03a506e570,22584.94152663311,7332758,7450176
0xf32fc9dde9280e99125b555fe79571adf3a8e162,22554.29042823432,7188606,7450176
0x65043331a41cc4350030bb4011e2a7a85c90ec11,22549.405399342,7450145,7450176
0x01d9df17d612f4e007feaa73fe7dd236538f5062,22528.8,7335323,7450176
0x31aa4198aba25afa719d9ef634c9d24d3e81d99f,22502.692734874912,5418004,7450176
0xd84ebc1ebe5ffcdb9872840f0d659bf4bd05c1bc,22500.603578,7369249,7450176
0xebb3ddbd56b693744b6c82897663b2bb72248ae0,22358.26734567,6542835,7450176
0x627f413703eb728d168c527e88080ce375ee2f1e,22223.098068,6911200,7450176
0x17bc58b788808dab201a9a90817ff3c168bf3d61,22192.283913956526,6066684,7450176
0xe20c0178c91050155f461685c24db0c0276c94b6,22111.090202000003,7309590,7450176
0xea659c08320ef25d0dd893e8306119281ad417d3,22091.230831974175,7422506,7450176
0xedc4402812c1e4d8312a5a2ed7bfee89c49613ba,22090.45204061817,4117412,7450176
0x79b91d213e019c62e6d1ef87c2e6e9fd07320373,22088.43704875407,4117818,7450176
0x6fe6b1ab512a0bbef752086bded463107dd8ba15,22083.554975000003,4117854,7450176
0xabf81ecd63f1e4816abb1747aedbcde720459fe0,22080.659238999997,4118567,7450176
0x378d1814b1d3d84c10a51317d26584b61c70b617,22079.984180000003,4118755,7450176
0xe09f3fd42f4b7d6d2d70d412298973658f2b23b5,22078.991298145826,4119797,7450176
0x10c3932d2a932b38bc01e927ef40445a1cfae7c0,22018.929068767306,7144887,7450176
0xc155e5ca4e17041333ae66728b1fd77bf178be74,21860.886534448997,6510820,7450176
0x867b3b0b638cd5640ec800dcbc407bad64ef1ae7,21709.469643,7063386,7450176
0x43ab622752d766d694c005acfb78b1fc60f35b69,21704.325572809994,4499462,7450176
0xf056f435ba0cc4fcd2f1b17e3766549ffc404b94,21700.283120751,7450175,7450176
0x10bd9990f4fe597c010c911f0640bbb143438fff,21648.86612805814,5335755,7450176
0xe5928c550b8d5b196db62687bef741ed627907fc,21637.326274495248,6072667,7450176
0x219cdd61cfabfb567644cc00f49b8cdbbbe03214,21606.38065,7444808,7450176
0xd8a83b72377476d0a66683cde20a8aad0b628713,21543.32454846,7234589,7450176
0xc39e562defc6ddd1f44ee698cf9303092b86051d,21448.05712024742,7249144,7450176
0x2905a0393342f45df5763835e9d4aaf2b4c87d79,21319.297731971998,3707120,7450176
0x904419cdbbfff16447a74d7ba6c262a77c764cb3,21252.488095135173,4675720,7450176
0xb322dfd6d456cbb8d5a91cb3184530d434cf680b,21190.41083169,6879360,7450176
0xea3ec2a08fee18ff4798c2d4725ded433d94151d,21144.396078397996,7445446,7450176
0xed11a44ca9af3d253674e49e30a3e7722ff6b5ed,21119.641377892,4994292,7450176
0x7d1084a843b1d98782d68ec0e8ce33b4a6e881c8,21111.426548377363,4985371,7450176
0xaf25663da625032c2f486a28b6d55b8cd22b74cc,21108.37084332,2097805,7450176
0xea3ed2fc3d04bbfb86b8b50dc651fcae9622a4c0,21099.167675,6716405,7450176
0xf821fd99bca2111327b6a411c90be49dcf78ce0f,21071.872066351843,6761037,7450176
0x265383d68b52d034161bfab01ae1b047942fbc32,21000.6,0,7450176
0x7f838ea6e1db26641dacbd3e108f99cc643a2587,21000.20910916768,7246720,7450176
0x6a9e7892e4002493b1c28c004c98fc8aeccd580b,21000.010000000002,2140910,7450176
0x340d693ed55d7ba167d184ea76ea2fd092a35bdc,20998.94114224485,7449824,7450176
0x28cb42c8754d9d805e654b227d58aaa16ef22a6c,20993.0047185,7038842,7450176
0xcf89e68c055435a67b57d7676091a56df59f14b0,20921.429497444926,6844179,7450176
0xf978b025b64233555cc3c19ada7f4199c9348bf7,20888.37957265251,6569772,7450176
0xb3775fb83f7d12a36e0475abdd1fca35c091efbe,20836.17592437666,7450074,7450176
0xcd4a584d5938a431083183055ac7a066aa3e1985,20644.049231179997,2093254,7450176
0x6a51d95b6f9e24b4ae71fe4751b12ff87ddb19cd,20443.751971032678,6465131,7450176
0x8a288f63b9de32feeedd4c3fc3347f026b599dd1,20427.381175417304,7449666,7450176
0xd551234ae421e3bcba99a0da6d736074f22192ff,20422.204177136147,7450169,7450176
0xdbcfed12027be82fd148fd5a9942fc31e18dee76,20387.709709459956,7024302,7450176
0x5f13ae5576d2ad113f3825f2720c51f527555491,20333.999286,6911183,7450176
0xafbf0e4c20b4ed23cbaddb5b156493196b5b653d,20239.06991640628,7443539,7450176
0x39b65789c8beaf95af392e36013cf326a0a95c7c,20226.06051067578,7279296,7450176
0x683f29acdc7db4299ee83dc2e3501bd296248128,20103.101,3800220,7450176
0x249ec4e5289017dc8e2c789bb11f78bb58c59c02,20091.748284409998,6754683,7450176
0x253f1e742a2cec86b0d7b306e5eacb6ccb2f8554,20039.999999999996,0,7450176
0x8ceda7a7bc9031ebf8f4a7bc9bc0f988c0e4e0fe,20006.112059,6740458,7450176
0xc2779771f0536d79a8708f6931abc44b3035e999,20002,0,7450176
0x7074be1fb9d4f7a2c320f53c912f374ba241dec6,20001.06,3454427,7450176
0xf3aa1c53030d3fbf5b9d28f94d51bded37bdcf40,20001.008087000002,4952993,7450176
0x6adb3c59d189b1b258852bd1ebbd9d58841aafd7,20001.000000000004,3454425,7450176
0xa25d0c39b18c3cef4ffc33b27e91e83e36285b02,20001.000000000004,3453443,7450176
0xcd358a8d58180dce7d25b77f60ebd86f998ead30,20001.000000000004,3453436,7450176
0x39baf3b65c23f6027e6f7f78c184765ccae5bad2,20000.999811007776,6999063,7450176
0x6bb2aca23fa1626d18efd6777fb97db02d8e0ae4,20000.997417000002,7133272,7450176
0x94a9251580f1bd08e641f735feebf066addee64c,20000.4,3158802,7450176
0xb943032ab8ca7750697b0dfce3567d3891ca473c,20000.399579999998,5356440,7450176
0x3b7f0c36d59a8c9c5e4ef2210d18651b17f82d86,20000.37328,4787874,7450176
0x9c5254d935cf85bb7bebdd8558d3b11cd27a387d,20000.047834439174,4013065,7450176
0x999e77c988c4c1451d3b1c104a6cca7813a9946e,20000.00923348572,7267279,7450176
0x0fcfc4065008cfd323305f6286b57a4dd7eee23b,20000.002,6859077,7450176
0xbec9ff08c5051de4ef64af1c156129b96b93911f,20000.00158,6859314,7450176
0x5608c231745fe46b9f73058cde0d86ac0ff0df38,20000.001278,7125737,7450176
0x5ce2e7ceaaa18af0f8aafa7fbad74cc89e3cd436,20000.001,6859302,7450176
0x0bcdb05d2a7df905d4acaf3eac701e117de2f1e2,20000.000559,6859376,7450176
0x91bcc719cf87cf65d342f2b42c804a26426174b8,20000.000000007778,5425938,7450176
0x8164d12eaf9d6e0cfc0a66f07598e56ca2304801,20000.000000007778,5423630,7450176
0x4aac326edeeef9f6f93e363b59780de8ea70c34f,20000.000000007778,5418635,7450176
0x8ed35312ffaeb6a58bea3a1780146e83290bf4ad,20000.000000007778,5425444,7450176
0x26142eb8ecb3c9ae9e086971eba0564e25c56e5e,20000.000000007778,5417837,7450176
0x700a4f202f94d65ca6ee77e2a46f2fb2aad70b38,20000.000000007778,5422136,7450176
0x1f5ea86a720472febf80fea032270654657e1978,20000,4221947,7450176
0x02b6d65cb00b7b36e1fb5ed3632c4cb20a894130,20000,0,7450176
0x12afbcba1427a6a39e7ba4849f7ab1c4358ac31b,20000,0,7450176
0x2f902885087e463ff76ff7e9baeabac3a0bad7e2,20000,3742699,7450176
0xb4deeff5800e309928493ff233c2e937380393b0,20000,4221937,7450176
0x2f96212bbad1120c56cefedec2826dc771547c09,20000,4300169,7450176
0x39cb33234b18418e8dbe63598dfb06f3933211c8,20000,7428374,7450176
0xe3b6b377ef2ed67f8fff1e32f842775deb9daf3a,20000,4539397,7450176
0x8ac5aa9d38db40da8995802c5851ac67f453f22e,20000,3753111,7450176
0xb1cd4bdfd104489a026ec99d597307a04279f173,20000,0,7450176
0xd942de4784f7a48716c0fd4b9d54a6e54c5f2f3e,20000,0,7450176
0x392475fa0ebac81ecc9989f4f64c1741ff5a7743,20000,6784524,7450176
0x437983388ab59a4ffc215f8e8269461029c3f1c1,20000,0,7450176
0x998bb533118630f611ea93f4af7bb30b92b315e7,20000,3753118,7450176
0x7e9f3ca26570661b6aac389b92163b21124e6e46,20000,6915097,7450176
0x93d726f0a330976f0adc9a8e8e14cd7a25c0c6e5,20000,6784431,7450176
0xebcfafca7a4c44d8e900601a43d447517aefa871,20000,3753132,7450176
0x63874f1c6ae89c525d594752064f37cd796fb9fd,20000,4076261,7450176
0x8eb7ab8d85bd37045ff766daebd892cb9b79b871,20000,4076085,7450176
0x9acdb9698f65f2eadcc2813706f83c70a482b3e5,20000,6915099,7450176
0x7a3d69b010fac88cd621ee5e7d639dfcc61aa197,20000,6916311,7450176
0xa1655e5e88264cf9af05b3e606a58ecd509b29f9,20000,3742691,7450176
0x8088909fdb693dc89ea3d84dd2d32bea0ac401e2,20000,4076089,7450176
0x6d806e549f58d2b8881c1e3d246d630fb8c1fc62,20000,3742681,7450176
0x5d6b0d1666e6da01631c8d23c7231942d345180f,20000,6916381,7450176
0xe580dcf6935dbb571796afc1edf7e0b6f53f9811,20000,5083663,7450176
0x224fc41805d007775260bcb5f9146ecd5c3d9495,20000,6916309,7450176
0x98f8407c1dd18d6ea2ecc48fdf772665ac5323c1,20000,6915087,7450176
0x7342bb509782e3c244a367c3485600b5aaaee321,20000,3753126,7450176
0x2a71e88a87304d6fb0e4aa9ea3151de44168808e,20000,3742675,7450176
0x158e208985f9ffb4428ee5c31215914c8de3c084,20000,6916397,7450176
0x11036bcc3e77b7042fee78d3b970ccf39f64b11f,20000,6915107,7450176
0xa3932a31d6ff75fb3b1271ace7caa7d5e1ff1051,20000,0,7450176
0xb421cdb248299dad3a637b5b36584923276b9e13,19999.999139,5385425,7450176
0x81a9aed213c74798deec32080b8837ca421614a3,19999.99,6916440,7450176
0x55c2cae2eade62b54608c93ce3d625cf834ee987,19999.99,6916457,7450176
0x94c055e858357aaa30cf2041fa9059ce164a1f91,19998.999999999996,0,7450176
0xd115b7b6bea4819bfd1fe5397f5e7e01fa19d83d,19900.103286640002,7442862,7450176
0x217f1d36003bd7721886867f810a6e214c1d7f40,19900.06432770853,5869277,7450176
0x3061cfbae69bff0f933353cea20de6c89ab16acc,19872.62516288107,6802672,7450176
0x23c2c34f38ce66ccc10e71e9bb2a06532d52c5e9,19797.961952575384,6457722,7450176
0x407b3bdbcb266aa2ef2c3d485e0f77bdd3c2b70b,19797.899495999998,4871057,7450176
0x8fa31d93a098045a47ae8b58387803e8c60151e3,19735.776232919998,7447941,7450176
0xd20e4d854c71de2428e1268167753e4c7070ae68,19719.042378470836,7374678,7450176
0xc6ee35934229693529dc41d9bb71a2496658b88e,19700,0,7450176
0xa9c7d31bb1879bff8be25ead2f59b310a52b7c5a,19679.746581657477,7449929,7450176
0xed69da639c1cb32e4899cf5baf7cb70c197c83d7,19531.587335684257,6859383,7450176
0x2c60fab07c548b9c6aeeeeecff0008d6db354be1,19525.7010072,7238060,7450176
0x9058bb8ef48582af8ac2982bcd32641d9f2a25ac,19518.435062387693,7013005,7450176
0x0c64612701224fdffd78bbde3e8f04f2a491dceb,19517.932549999998,7184365,7450176
0xd5a1c53d0bdb27e6bcbe5f8d653bf94efb682813,19467,7443940,7450176
0xe79a28f0089f94977251aad279c834bd31deaf30,19455.643939173002,7122400,7450176
0xeaf57c7cc2dbf171090e8dd4ff8ce98819e9cc39,19339.05,7437110,7450176
0x0afa235c9d6a59c227be92995b7e55a4dbc9cc19,19295.224136984998,6859411,7450176
0xed0eebb4d520a6b0eccc4df8e5214e7a6697c111,19165.650045676844,6859435,7450176
0xe2cde2af8d4c80028ae03f2abc3d0cbd4ffefe08,19150.115,7240737,7450176
0xe189bf561cac870dc66a339aa90016fb75f378bb,19051.66193818,4814667,7450176
0x1c6702b3b05a5114bdbcaeca25531aeeb34835f4,19000.190899655,5656877,7450176
0xfc35ab44d544a2d7c406d4648f38e042f7d70cdc,18936.104899820002,7441156,7450176
0x8570f38a92fefc399a2560411f7c83061f386ab9,18899.999873999997,7392768,7450176
0x7ddac5b7e5c7a575b370783b7b59572f4a147fce,18859.753978313758,6871369,7450176
0xbf50d465e47c4c6aefe651a18864229a6d453347,18854.999404000002,6859444,7450176
0xffbbf066a09c29899e0c7661cf48480881ce94a9,18849.984640334,7041057,7450176
0x8c2ae55198ba6d14d356fcf737c9e72d97b64e60,18801.885464703777,6859457,7450176
0x7a8c531438daed6a8836025cf3566648c1d4a7c9,18775.68,5302911,7450176
0xdac1eab44034f7086b13e75f2093a0ca731dbb89,18745.23549411,4814655,7450176
0xff9b84447ab2fad78ead48c080bfee9c6479c235,18738.861659,6859475,7450176
0xce280f586671d3c09a772d3848040cee08676d29,18651.027647003237,7370976,7450176
0x8288f8ad50ed202f56787d5f6f02f3d54b3d6928,18650.712285154026,7061593,7450176
0x00fd6b44e562baa787c6eff544cadbcec2330bdd,18600.001,6859524,7450176
0x0055c95f8273f59401391baff9faf370d869984c,18600,4340933,7450176
0x00744245df4deeb3d17a6bbe4605d55a2244c5cb,18600,4340910,7450176
0xc8519f29bd818a4f8da7c6b7c50b2a7cbc2131c0,18595.57012603,6859529,7450176
0xd1b298bc553b873905ed7e01d8051b49e179d2f0,18543.9178273,6774463,7450176
0x5b1aae56fe0e618e46e343e59ce2eddb9fdf3f1d,18542.301331007777,6036225,7450176
0xac2b003a903bec44f37d0cfd3fda3e803ffdc428,18496.98695885117,7303368,7450176
0x9fb066147aac4ed7e50733f1a73a3bdaaa34baa2,18492.006274902087,7420818,7450176
0x915d7915f2b469bb654a7d903a5d4417cb8ea7df,18298.553815442134,7450170,7450176
0xb175e4b5458f125a6e96f0a146f20da656be5e88,18246.84677481762,6859542,7450176
0xbbd3dfb50d6701a9a4f60632414ba1fb770ac47e,18214.302983649177,7441527,7450176
0xb69d75c995daacb65bf55574b9aa3f8d79b64c2d,17953.24493428,6859563,7450176
0x5aa7953b28a7ec6daea5e6d179c8d9eaf1a0f14a,17889.152210069507,7258232,7450176
0x4a798625c037c7fa470571355e73943aef062fae,17873.90580122407,7405233,7450176
0x606af0bd4501855914b50e2672c5926b896737ef,17817.678594594596,7331102,7450176
0xba3a154e1aba135bd5e8713494e5e63fad368feb,17814.600173006,1931875,7450176
0x5ac2914179085a60f37a07338d851dbfadf17f08,17766.592006,7318382,7450176
0x6aa35f8ae7c9aceb2a541b6576577fdcdae73100,17652.38768599,7440763,7450176
0x01e97ecd3d2846746363a337ec6280017d26a32b,17651.441332118844,7449663,7450176
0x19f3330df96fefa3ebb08344f6857afb18c4f63f,17637.513666,4660833,7450176
0x2e80fa461b76efcbc504260c7847c040fe5d8a54,17502.209527939533,6859583,7450176
0xbb336cacdb3d3c4b2fcfc78afff3da5aaeba32ac,17500.238630595002,7355326,7450176
0xa17993670e7ac9c4ce79e53ff8f931f02c901dc3,17402.196409,7307440,7450176
0x4bea288eea42c4955eb9faad2a9faf4783cbddac,17268.10440794,6859596,7450176
0x8453584a31246b9a7776bf181544d180e05a210c,17129.823939320002,5252374,7450176
0x97f20e77bbe03faee3279e474bcc78981f6b8677,17127.054823237777,5429958,7450176
0x68c4b7d05fae45bcb6192bb93e246c77e98360e1,17121.63991359324,7447577,7450176
0x56c915758ad3f76fd287fff7563ee313142fb663,17078.632170463,6515123,7450176
0x2f71d24312e1c667ac1bf308f8fd1e34129ee2e3,17056.003271868565,7066257,7450176
0x41a872987c861a1f324ea428d8f5c1d20e9fe20a,16963.914325574002,6975943,7450176
0x81bc4a018472cf6273c18941f6b34e247f313cda,16880.198505887,5261354,7450176
0xf51e589bdf6aabccbda45794329f7d0574931a82,16875.866843096373,6859621,7450176
0xce788965dfaf7ba3fd08eee2c99a8cca1e9a0674,16801.98790203,4715759,7450176
0x0e5733e797e3f7f21328876888cf1c4520d77ace,16764.58775438678,6924070,7450176
0x43c891df56dc60a0136cf0c64a0a205ff3b6bfad,16694.306859,2084538,7450176
0x1866151577f7bd9bf31c7efb094d11c83bddcd98,16665.794344903967,7321014,7450176
0x014d63f0118576f6ef5a47b53b0f3f9efc5a5dd1,16636.169585109998,2078449,7450176
0xc05533ab02c78a9857003abfd9fb7caedc40c667,16631.795812146,7002576,7450176
0x7a7a4f807357a4bbe68e1aa806393210c411ccb3,16624.986855643245,4798331,7450176
0xb040c766a8073fc341238bd21ca88d42b777b6ea,16544.81123562,6859655,7450176
0xa9264494a92ced04747ac84fc9ca5a0b9549b491,16544.236056840415,7449330,7450176
0x59e496d2386b49f54bac21b9719aea41c1e9bdd3,16541.00125693,7270373,7450176
0x63537b7a4ae2d9448f8bf91c7a56c66d946aca98,16510.01808,7235773,7450176
0xbd7697dc05a643bad9d95ba4a48f70bb8a033b63,16500.991,7260729,7450176
0x065ca01cbe3a4c16d291cad834f644344c24cf4e,16500.64866870518,6531910,7450176
0x53f6b5a86b99671c58ac937b845c0f0cc63f8d6c,16500.007999999998,7260709,7450176
0xf364098e03d5c4a646154fc497793cafa5107de9,16495.68602334,6859664,7450176
0xc7cd9d874f93f2409f39a95987b3e3c738313925,16475.53416533053,4377345,7450176
0x9b6f69dff31d28bad4f5e269916c8b0762e8b7c8,16420.391949555327,7450139,7450176
0x7ad0fa0e2380a5e0208b25ac69216bd7ff206bf8,16311.044909417054,7358980,7450176
0x793cf8dbe950797b9d60e1b39a5277b4ceea920b,16308.493756662749,5244481,7450176
0x63a7a15629d949040ea268ced5e11a40d7f86488,16298.999340991999,6859673,7450176
0x01b03620abbeac509a013fb433bbf9d5156bf6b8,16228.94969,6021807,7450176
0x778e6c8af0bb56a92646d45165c8411d8d1ea663,16195.778489684999,4830977,7450176
0x5ffa018104aa2862fd4a4cbafd8957c73ebbb3ef,16178.96057394482,7030758,7450176
0x13a2721369ad7967c508c89c36ba6a8e1d750222,16159.034958785254,4961198,7450176
0xc6cde7c39eb2f0f0095f41570af89efc2c1ea828,16129.98412363,7348397,7450176
0x33380c6fff5acd2651309629db9a71bf3f20c5ba,16100.001,6859681,7450176
0x3ddedbe48923fbf9e536bf9ffb0747c9cdd39eef,16100.001,6859687,7450176
0x30511832918d8034a7bee72ef2bfee440ecbbcf6,16099.999999999998,0,7450176
0xb7a8e6e4f735a6ae1c1b815a80dd3aa81bc2b1be,16099.997893994,5944949,7450176
0x3ab6a1687c1205cd9da74f079c84deb3369a6124,16055.177559,2067186,7450176
0x1d28dfdcda3f20fdbe2c9a1f189a3924590bbbcf,16042.662629367776,5417419,7450176
0x94133870506af5d0644f41a2ee62cc387b81135e,16034.301450252598,7384618,7450176
0xda50ba5e12c01bbef277bb7261c61c5f56a77c26,16023.814159,2066067,7450176
0x3e3586b5be868daa72dbec2ebd0d3340466253bb,16004.949999999999,3745399,7450176
0xd3d69228cb2292f933572399593617f574c70eb1,16001.89116076,4401747,7450176
0x2b7882ddb9a242609588fbe9ba1fb6b455e88c6c,16000.966880627999,5640943,7450176
0x55ea49d62656959d37f5f42c736bec2dedb2747b,16000.347278,5042521,7450176
0xbb94b94bc980c857112fabdff524f56f2bb93b7a,16000.0848984658,6907587,7450176
0xa1e3e0569b81fac4d6cfb72d5f26bc8dafb7c0b7,16000,6465357,7450176
0x0b7bb342f01bc9888e6a9af4a887cbf4c2dd2caf,16000,0,7450176
0xde9363fa15552ddb89d5d34376c36c0fcf914d35,16000,5137357,7450176
0xb60a5f12dbefdfdff727a4b55e11c89dda36670c,15999.995536535778,7275322,7450176
0x4b95059fe81b1268648c52976c034b9be117d4d7,15999.8941139,4255354,7450176
0x4c4f7b7c53357616ebddd6b901d55b7f9b5d2b94,15998.936955,5833956,7450176
0x550d74e4f43d447ba104662f44bdb47036c0d2c9,15982.572816521279,7267194,7450176
0x06051f7af88694201f74c71c4e25f7f4e35a9779,15922.00079,7309711,7450176
0x7f1cb0fb25bb15334b6a8dae71d0cec7643df70f,15892.913685,6185364,7450176
0x0adc2ccb294c4b0457b240f7c0329d9c53f67a25,15883.996976,5520181,7450176
0xe098e54e5339704d3d35a8549f99f9252645a251,15862.839807336188,7368630,7450176
0xbf0cb7c49e7e77aec10abf5b46f5e14691576cac,15840.099999999999,4738119,7450176
0xcc3cf78f55b8a351e6cc84b7a565b9cc53273359,15750.82218596606,6873782,7450176
0x087d2c24c0225b286e5aac0e94aefba0af3b44dc,15665.772491000002,4344945,7450176
0x176e91cadd8cd5d9570db7b6dcfc53f676ce5e54,15629.93,7411046,7450176
0x8004b4a5795899e4c25c598fbf7d0e7f737ce15a,15619.204714000001,7309917,7450176
0xd9e98ae3b81fb6fff1977b729b021bb4cd4f1563,15586.976434956,5539455,7450176
0x907c61186ce5b8e9454500e1cbe2142d7e9ad93c,15471.0000294,6839326,7450176
0xfe7c9c176d4d3ee940af666091a08322329d72fa,15465.386759,2061323,7450176
0xbccdebbad0c6b0ff3d3d12f0c714d1d7162b9eae,15401.997917431534,2418456,7450176
0x5c3a7c1b6e94b3cf25c64c3bd649a1e769bb0758,15399.975274015154,6737339,7450176
0x3c8fdb4b682a6149f5c90821d9ce94940d567a7f,15324.921217058776,5687230,7450176
0x101a0a64f9afcc448a8a130d4dfcbee89537d854,15200,0,7450176
0x07b548e9bc5e2db92dab64715f1c42849d92175f,15186.65916,7412791,7450176
0xabfa5ff3c8774fc298df39e94d430197eccf80c1,15186.65916,7412753,7450176
0x00d428f4f3a9ec38c9155fa006b7e683a91a023b,15186.65916,7412657,7450176
0xd6ff14981e1a7048886457e2a3324b9ed6e1e87a,15182.658021927753,7413479,7450176
0xdabc68da0cf9d92d1d46b622f4a4f5cd21299b06,15177.052866493364,7101766,7450176
0x3f35f4569cd0db7c3aa29cfa1732482f2a1a29f9,15159.985136682215,4056922,7450176
0x3bb16a8eee705d0002e16332b94e9e736bf7f7fc,15139.787589,5840259,7450176
0x72345ebcd6e453bac3855b254fbff49842ae928d,15129.04230768675,7235650,7450176
0xbfc70c65c38e16d2064fa8fa0ba7a3c4056b2d1e,15123.896954128182,7448960,7450176
0x80ebf72a53feda4c5fb7c537eb11981624d9255a,15116.790178181625,6885429,7450176
0xe24e9942863b3d4a359363cccf18e85cf5eb2fc2,15114.645669441503,7154349,7450176
0xdb0b56df6c892bff8383d6c008cf47a75655a9cd,15094.690129999999,7445723,7450176
0xb9a4873d8d2c22e56b8574e8605644d08e047549,15081.316325782,7450175,7450176
0xd9e11207ac0e44e860557a56556d5d32d1e4abda,15077.592773999999,3341291,7450176
0xcc9834e5b4707c7f5eb6fad28e556f67020e27b5,15073.53817189,5451580,7450176
0xba6764549f4718945bfa56b9fefba3a3f4a4831e,15026.915594279999,4321088,7450176
0xb116e1f2fcbdfae1a86d47b9720eec1cbad135be,15000.88574,7387129,7450176
0xa00140175e3dfb456781ab8d0945627d68dc5032,15000.769680521778,6736345,7450176
0xa19964d5f49488eb6cb4a5381826f3da58c281b1,15000.100000007778,5430396,7450176
0x15c19e6c203e2c34d1edfb26626bfc4f65ef96f0,15000,7232723,7450176
0x3fa51a8f70e10bce13f3012a0eabdd112cf49a2e,15000,5199368,7450176
0x2472f6c57ad97903d81741acdf462fa9d22c858f,14999.996399999998,6322099,7450176
0xae5d0ce2023d75f442955a364cc06b92da1b3f1e,14992.036432,7413087,7450176
0x2ae82dab92a66389eea1abb901d1d57f5a7cca0b,14970.994848938999,4211752,7450176
0x41f546d659dee7a37186ffc86bc918e8dd1d3c51,14944.834659,2059686,7450176
0x564286362092d8e7936f0549571a803b203aaced,14775.95269542711,7450176,7450176
0xdd6920fdd5488b30bb158df2b95e07b69ddb515d,14762.399139,7232915,7450176
0x623b525d799d700e11dae57dcb53c498df1f3e5a,14673.10925193541,6582242,7450176
0x785b3660215d43e006af8d06f0bb0dd7d4c08c88,14629.50322674551,7449367,7450176
0xfccb8cc23d4b13b401d8f4ed4ca76546547a3612,14598.89094898,4464178,7450176
0xd7b9a9b2f665849c4071ad5af77d8c76aa30fb32,14538.576619330786,7450172,7450176
0xe5198ee867601f1c55289fe7c4dd4f6a73391589,14456.485419437557,5702762,7450176
0x3ac33007a231851aadce52291fd4858e11a10ca3,14455.972,6606709,7450176
0xc004c7fe96c8a2f1acff594df412a7b1ffdf8f06,14454.327518641589,7250486,7450176
0x2ab37393bd90abe7643cc6393ae7203739c59c25,14390.049790000001,6834770,7450176
0xde282fd9332881c7b7c94e031fa024bdef2aec78,14381.228807000001,7060118,7450176
0x31e77f01cf1f678bb12bd345116b1bee0d140d26,14360.942122479326,6907990,7450176
0x2b5634c42055806a59e9107ed44d43c426e58258,14359.061657668617,7450175,7450176
0x0cd6a141918d126b106d9f2ebf69e102de4d3277,14350.977273668552,3856206,7450176
0x288740091c9d8d1467e3ee75635fd21e5b710523,14311.907810041534,2418469,7450176
0xa8d10520425062260b3e33feb11dcb7e25a864da,14299.791669133,4313831,7450176
0x5eb4331d23d79fa73eeb25a89fc3e729eba068d5,14299.51591,6993884,7450176
0x7d04d2edc058a1afc761d9c99ae4fc5c85d4c8a6,14283.056615,7294033,7450176
0x616116777efa63666436e9d132899467fb9a3d41,14253.19184718642,5796015,7450176
0xc7dd4995d9cfda11ccbee693f14185b634130936,14194.372881706955,4321333,7450176
0x5b28694a97fbe50d719bfdb003d393a53ea84bc4,14191.963740106708,7284075,7450176
0xf2ee5b4f6f482d9c5d42069b0a670421aa30fa83,14181.036796052063,7435879,7450176
0xdc2fe60c025f8522ca1b0d43a63fb7e262e2387a,14135.565485012889,5855595,7450176
0x91bd62e48282ea188998d04570ed8a3e237d3a6a,14106.404108586476,6752390,7450176
0x86e284421664840cb65c5b918da59c01ed8fa666,14078.728901,7442371,7450176
0x10abe2494e4525f8cd2bac772671f0e1a44c6975,14060.03470694,1523354,7450176
0x6890a72965d9c54316a0f345d736f28849328024,14054.8727,3789012,7450176
0xf72283aa07da0b298b2b75a8043bb588c20d59af,14042.79843756307,7284925,7450176
0x003a4cc04501e9adecf850313db2d3797df801a2,14002.7196459,4832227,7450176
0xa8c725bf5edae1f842dd0b74a9cd8ebccc4d4a52,14001.89752709,5697335,7450176
0x86a68905cd1504057b00eebe41e94c1b04ee589e,14001.495569,3187493,7450176
0x5fd8c3245ce27d3bf9af05c2106d622163793c83,14000.798427007778,5421012,7450176
0x09e71b26a66bc2b13a04a05e18fa8c3ea83a4de9,14000.099999999999,5670752,7450176
0x7bf4fb5654eae4ed085be0e34daa920e364608d7,14000.087566,7210332,7450176
0x113612bc3ba0ee4898b49dd20233905f2f458f62,14000,0,7450176
0x494256e99b0f9cd6e5ebca3899863252900165c8,14000,0,7450176
0x40ea5044b204b23076b1a5803bf1d30c0f88871a,14000,0,7450176
0x21a6db6527467bc6dad54bc16e9fe2953b6794ed,14000,0,7450176
0xd8791b8c0454ae0ace71483b8f3b4645069559db,13999.999265,7215627,7450176
0x6f5277db20f17b8816951280b9e835ff7642fb65,13999.998278000001,7206825,7450176
0xe90fc0052955f39d722fd5924b3765d664fd4845,13983.6649328,6774030,7450176
0xaa0ae3459f9f3472d1237015cafc1aafc6f03c63,13977.936790066999,7419315,7450176
0xd421dbdfde8ffdb6a26f046c09806cc1ffc8ba87,13974.22505428,4321546,7450176
0x7d439999e63b75618b9c6c69d6efed0c2bc295c8,13957.464140711756,7439995,7450176
0x050212c31770875e9583b21ff874757913ecda37,13944.999668,6093307,7450176
0x035a401972f228b58dcae76bf318b54ed036d680,13923.712291754808,7129076,7450176
0x149b2512798a76c8a50553598a36c1ea356b4dd7,13914.038534893969,7250899,7450176
0x4678b10000b032197ae5a403058cd72096198650,13902.853534316,4772788,7450176
0x8b5b8227f7bbdf3bd62448d8cdd25f1f1d42be6d,13900.002765459229,6818765,7450176
0xfd5fe019d9ea1765cd8f7a9c35994e5cb0247a61,13862.773864026016,7068014,7450176
0x20767cf92f79b2a866339a86326751c400116305,13848.078380989204,7450146,7450176
0x342a6b08baffedd937bcf996f334be5cc3b3a8ed,13843.995937372436,6012138,7450176
0xc1de6dc361c8eba0f7121f97200fca00bb21a6a8,13810.006475,7411117,7450176
0x0adf1f3dfa6e9c2136f0d3b46da357c72ddb5747,13797.415559,2056144,7450176
0x02f887c3d990352128e8f106108bd9b677789bf6,13789.90968798,3279567,7450176
0x7b7799200c6156a395d8d278b3d3dade6ff5b4fd,13775.548240679998,2055704,7450176
0x88d25610f79450993e57e56f5ea69ed030adfd9f,13737.284559,2054149,7450176
0x779c7b5cadccd0902d2aced65a20f70a4b19282f,13720.00994426923,7449152,7450176
0xfbf6333e48d774e2343ad25681015e4d31892156,13719.896139671873,6145353,7450176
0x0a65b7f02f079c76a3da8301c3cfb7ba12be9b05,13696.51483171,6626335,7450176
0x7d4b2509572a27b5a07789ec0e3864c46bb4d7c6,13672.314729560001,7448860,7450176
0xbd4ff455f38ca5cf35719652ad2c5f4e8814e389,13632.962559,2049555,7450176
0xf2874ae6f49e46d32d6358148f643d635b29dd32,13588.148283348,6733787,7450176
0x5dbbc591e4fa5d9c40d23a1f6eb507b7f1e47e4c,13549.48570073,2047828,7450176
0xa5a41fe0aa941f6f90961e41f0306834b143a04d,13539.813131530478,7367527,7450176
0x327f4a8fa6d3aa4d85b487cae8490d169b7db476,13533.4887336,2046821,7450176
0xa951a1bcbbd1bee2cc35cfd96dcf9d101e630c40,13480.968741821778,5430734,7450176
0xeba290cf248cb14442a071fbcb58a9cc5dcde28e,13479.582922217447,7450170,7450176
0x32d62f9c9315ba5993b5ef035a6cc8a40d88c1b3,13461.910689421386,7191474,7450176
0x83cc4f34c79315552774fdfe1d81f433d38765d2,13337.146977996777,6878506,7450176
0xc98f8c6b319ecceccaa9361ed5372274674f96cf,13331.884929630183,7403220,7450176
0x80c033588550d9a682689bdc950c95bb25fc2781,13301.73276642,7417536,7450176
0xaa7d3287de9c80966abd52a3d25b91c6153f5517,13294.247375065557,7449995,7450176
0xc1d5fb05195cf76ee514c826fea31fc82e0db0b3,13286,7323292,7450176
0x8ee6f6645d8b98e0a5fdd425b5ee7f57af81cd64,13229.32794087,2046722,7450176
0xff2990c7d9f69deda0392b1c76b9b631dbf295ab,13158.865748979999,7447126,7450176
0x185a7fc4ace368d233e620b2a45935661292bdf2,13107.204314340886,7375985,7450176
0x04e5a3d5098f775077f051f17815b4e4a3e8fc99,13104.9956,6461365,7450176
0x0e2cb0efb2c4f3205c9a49821a75eed5d3a6b536,13104.994521319999,6461365,7450176
0x004462cd0e4c752bc5211163c6c6b5e184be8ba3,13081.801871096122,6301041,7450176
0x8f644c00730e302191aebbaae2b14aded5f332a9,13081.423286267012,4853212,7450176
0x3cf9b9a32ca176c73c8c1dceb228f6630b86b508,13080.368286414972,7449819,7450176
0x8ee7d9235e01e6b42345120b5d270bdb763624c7,13057.416479285508,7402574,7450176
0xa69225e45053038b9b08790be2646d358b79d4f4,13054.569336129905,5003568,7450176
0xfbf75933e01b75b154ef0669076be87f62dffae1,13051.812001330894,4045253,7450176
0x15466158693f1cde70c7968a559b45e524cd72e4,13044.8840057099,6126832,7450176
0x32ec02800cb7bec5d44b7f97148627c4df5b6c23,13034.056715302,7398854,7450176
0xd8e41dd5d5ed228f01ba8391a4ce0b0f69463531,13009.653915644001,6787580,7450176
0xf974168f4024b1dc0b5bcf41d7be86c56948bbbd,13007.634809576759,6687444,7450176
0x6a164122d5cf7c840d26e829b46dcc4ed6c0ae48,13000.454488113668,5138927,7450176
0xff9e5633a678c6c5d3c3e891511af1e0c061a598,12981.987446731999,7266676,7450176
0xc2906c3c14d89bdd7bfc22a3f6c1f375664aaaab,12941.715556127983,3268389,7450176
0x22fb236f9b1701c056abdfd295b5b633fdadf937,12937.096167880001,7386993,7450176
0x38f88754ef3d60a528bdb187795f6cb91ada7716,12885.997559000001,2043321,7450176
0x24c3235558572cff8054b5a419251d3b0d43e91b,12881.757899212496,7037188,7450176
0xd07ed350fa581314aaf29422185ddf113088ed95,12840.49670192045,7448182,7450176
0x81e0dfa0f448ac580c4d6e720d71d3db5824ea4c,12816.185302424805,5178287,7450176
0xa3c52796f5b3eeb84a1a4540c4b0a9310f8020d4,12746.799559,2042267,7450176
0x7e016b7560e3b03297116e44846e15eb17e3e978,12715,1973713,7450176
0xb4d446e8603cf22052cc4d0b6c46fb4960af0451,12710.31060983778,5435756,7450176
0x95b2eb812ce96cabc6dfd94bfcdae5192e027763,12689.19506850442,6671234,7450176
0xd60ccd514e6757b939d402956867eaa60765bc31,12681.956258128217,4278914,7450176
0x08eedf7caede30546a718c67a6ce3bafe47ad638,12615.128383,6329850,7450176
0x24b12b00d7a96cd0ddf938b5f832dc985147a2e4,12595.029710207778,5417790,7450176
0x0842b50fcbe9f8515351ef9c0e47c9a3a30fd3ef,12576.31638090778,5412664,7450176
0xff3ed6d0c66a589f2c2689bbc949a99f21b22140,12555.130000000001,5098849,7450176
0xcb3d6f40bcf01eac9111f85436b2cfc5aac1a60c,12547.837200012085,7450055,7450176
0xc0829421c1d260bd3cb3e0f06cfe2d52db2ce315,12529.076171373008,7450172,7450176
0x69c7cf66502ad85c564f8dc9609dc0c16a6b63f4,12524.828187887875,3605731,7450176
0x33de12b5cf336692c6b7cfd3aaf779425067f21c,12514.067853187584,7450176,7450176
0x3c47be471326e8391ca9bb3c93f4ff3a371566e6,12501.97458,2085232,7450176
0xeb001fb307e9b85a9f2d36163035d154edf57db5,12501.785,5697327,7450176
0x0c295c085cae9c6278df49477d29f71d78c5490d,12500.84588715747,6611613,7450176
0x38c10b90c859cbb7815692f99dae520ab5febf5e,12458.5697564,6067624,7450176
0x000000000000000000000000000000000000dead,12409.49015741171,7450086,7450176
0xa408e7e8fc70ded5c9453f401901f744df6d7b11,12347.679559,5606990,7450176
0x6d63e62bfd63494f3db69b00a280f60bf13e7897,12329.824450189048,4224727,7450176
0xf4cb644b1e3a9f8f2d157e701ec80d2a70296d64,12291.127619070534,7450129,7450176
0x2ce41ec427664971608ee87397e06e88bbe36a47,12265.034029436665,4867782,7450176
0xde6829af5e76d00f3a08f8d02e34baa6b16a8bf6,12235,4150750,7450176
0xcfbe3d32e3d8b94001b90a39be9e49cbdffa83f8,12229.811559,2041418,7450176
0x542891cffba979f9b04f498f323c712675b57240,12224.6507175,7270256,7450176
0xd88af13b88c0fc0e91eadd64178d6ac1d8944dfc,12224,2018245,7450176
0xcd6eb888e76450ef584e8b51bb73c76ffba21ff2,12211.9423498335,7081399,7450176
0xef73a2649a17cbdffdf727bbf0e2d219f8005f8b,12210.817820041535,2418479,7450176
0x1e7267fa2628d66538822fc44f0edb62b07272a4,12206.80780440366,7205957,7450176
0x88de80e477639e9698b1489fc0d7f2f4806e801a,12201.45975601771,7072722,7450176
0x807dc01d44407d3efa0171f6de39076a27f20338,12189.389786628612,2005629,7450176
0xbcf8cf9055ee8f904d0d8ce0e8ee0bf6d4a58633,12177.866608789414,6896451,7450176
0x1aba5198c90cac455d1d4e37d39bad0a91d41119,12176.49493018413,6703866,7450176
0xfda25001a92fea5b9df89d8979b3cca016ed250f,12106.19335775,5764981,7450176
0x299bf2ed3f500deca7714ee91311ebb824e7ecff,12105.439326743157,7416502,7450176
0xa8672c64dfc78b04b3f3dfbbdcb94b2365dd6e1c,12103.569191064551,7448221,7450176
0xabcde9b760dfb155b3110b527454da2007196de6,12099.997072999999,7308311,7450176
0xd3ba32dd207db75f535001fac749c925423d8a6f,12073.14386299858,5575822,7450176
0x122f5734320540c42785e48d314d0841abde2ea4,12068.64555728948,6318668,7450176
0x6f79d451cea6499ac0cf30a24280194a8f11f688,12052.529999999999,5208676,7450176
0xc808925bacc99964abe38b52152b73c6c1531d10,12009.9078928,6744913,7450176
0x03b51bf1e67f976107ce9446f5694ca1685e6c5a,12006.888665280001,2041303,7450176
0x2940794bf6ffa72fbac11539954709d73689a8f9,12005.881653193537,6788968,7450176
0x31fc4616ab86a2eb61eb8189abbdbffae23a5fcf,12001.49436494,2041088,7450176
0x09cf91d5e137cf047eb9e0551ceb18239b46d3dd,12000.431365667815,6833437,7450176
0xd2745df964a5241d20ae692ed1fe20391ba62a1b,12000.01,7415058,7450176
0xe1e0e00502d6a1aa71fe8837f397a8d6be53321c,12000.001,4114790,7450176
0x0e6dfd553b2e873d2aec15bd5fbb3f8472d8d394,12000,0,7450176
0x1e428604b3db342c84792e369cd8b91d7075027d,12000,6990796,7450176
0xe4e48ee538c088c0430c840baf55eaed6a256227,11999.556759174027,7368889,7450176
0x008024771614f4290696b63ba3dd3a1ceb34d4d9,11916.025791109212,7449519,7450176
0x1ad9443a38be75b2ffd191167fa6c3b13629fe13,11913.374659,2040994,7450176
0xdb91d91e813e743e549d5d912e32900ed1701e38,11889,4261533,7450176
0x37668560ee719c397af89c5849d00c3c262246a7,11876.855559000001,2039777,7450176
0xbb28374ef1ebce410f0644b64ef032c66e2ece03,11848.413621,7420472,7450176
0x3f08d9ad894f813e8e2148c160d24b353a8e74b0,11800.812771197778,7182941,7450176
0x0bdbff3ea6ceab90392c0a90c608b0a1cfcfdf55,11800.5271999698,7442856,7450176
0xd0be06d3d55fff9ad8691f14fc2bf30fdd651f8f,11798.35369,7423985,7450176
0xaf3aa7b4cecb92995cd240a849c9dae70e09186d,11781.267,92346,7450176
0x85a4f6c7c016e47d05fe8e0023d91e4b35c215ee,11780.097651999999,7417484,7450176
0xf73791db423404fa79a4cc013eef6a2b9d8685fc,11766.073806758179,7449881,7450176
0x27674977721f927f332090ef4e50d59c9f7c7f66,11742.659131999999,7261479,7450176
0x8bcbccfc6736c61fdbe6791453564ef432241b53,11740.78006599489,7093476,7450176
0xb59a226a2b8a2f2b0512baa35cc348b6b213b671,11721.349447473169,7422983,7450176
0x168ae36b4386cea14475faa41498a0ea63c67dd7,11717.218877544008,2607829,7450176
0x94e0ad4b2edf353ef83f8cd6d4709ee4155515ed,11712.757543437969,7251132,7450176
0x0ab3a78924c30101504696fe205c9c67051d9c91,11708.78001,2756457,7450176
0x63d3cecc44730b079210e14c8215910d7c9ba031,11699.785690075001,7210348,7450176
0x69e3b5d1e6847a25a1216112dfe4ce580b46f456,11698.817035104386,6778131,7450176
0x3b20fc6c5fee17150c300ad03f3185a83f0107e3,11643.575225087778,6428363,7450176
0x5f363e0ab747e02d1b3b66abb69ea53c7baf523a,11640,0,7450176
0x65e170e0cfcb1484c9c44905fa0a9209cfe889f7,11622.852592049,7381986,7450176
0xcc5e414f1e06a74e707a8fcca0438448f5353e3e,11620.569559000001,2039623,7450176
0x7d90adce222e1d67e8e07df57546f4e23e34d6e6,11616.492558999998,2039480,7450176
0xb041310fe9eed6864cedd4bee58df88eb4ed3cac,11610.662543301887,3114637,7450176
0x45cc0b6d4cd59891371d6191101e5215a6cbf643,11609.41842446,7274268,7450176
0xa00776491b80e483789e620fe81658a120ee65a5,11599.998908,5960022,7450176
0xc41657f21e9a6cec0307a2e47575f3fcb083f179,11584.225124012244,7437967,7450176
0xeaafec12b49a97795405c9c133d2b316adedb6f6,11547.838339622,5104884,7450176
0x6043e7333d842c8862537f7a61c17f2d7787f3c5,11539.848119713477,5421051,7450176
0x7b1ee0371f62904afebea06ba3bbc00810f64281,11527.062279625,6806083,7450176
0xcf3c96b0f299208b085fd3746ffb9a6fe5482523,11525.296389465399,6066914,7450176
0x240575a32c0b7053ffff01ca7276038c0e28bc01,11519.99,6326964,7450176
0x999d5f1fcfcc36a840dd726709bcf38b6b20229c,11495.760694794,4645284,7450176
0x4a16ecf42d72528264b8313b604493eafef5d845,11479.064688357032,6445534,7450176
0x7884de5548ff9125e63f4761ffa366add6aa53de,11400.971259999998,7035776,7450176
0xcf212797e548fa12fd674f5bd1a2b36f60127b12,11377.09727,5963763,7450176
0xdf9191889649c442836ef55de5036a7b694115b6,11371.001874183656,6326942,7450176
0xf738ed0a9d66e5e4d11ddd36772dcf65d72ac7ea,11356.492275801498,7282929,7450176
0x32b0ccd7fd17f2a03fd0346378e750fe1c5e2194,11298.828425000002,6462173,7450176
0xef0645c2946a57918f2660190a7a9c87ca464c26,11296.461361322738,7040472,7450176
0xc3fca37d2c094140bada90cbe4b0c8b2fb25dedb,11240.38341469309,7370663,7450176
0xedc34a4dcbe446e8bdf278af0df48930622ee2de,11219.784092903066,2418486,7450176
0xf6230e7e98d2bbebf96d14888020e9c3e8c27d69,11218.092079678032,7450170,7450176
0x40252ea72d9e6fc59f14bbd33a9e2859d138afb3,11202.142730415555,6493808,7450176
0xb7e9c5876f5c61c53f4407a4d31a6b632296dbcd,11150,6911890,7450176
0xcbb818779f3446522c323266623d15ad7e0544f0,11128.649435793,5042206,7450176
0x40ec3db42f1852f4930172064a0fa58756b6dbb5,11128.230000000001,7186927,7450176
0x4a985eb03a55dea05bc471d6e6811a6bccea7ece,11111.999990007778,5418635,7450176
0x21786202e5a25e5cca759939c7d56d428dbee352,11103.99703011,4113556,7450176
0x0575b2af74b0f27ff165e310ce1527c49beb5c7c,11098.999811,7303758,7450176
0xad3cbaa752c8a5267785992cf47723b992b33dd2,11060.564392615779,6894984,7450176
0x05a479d8b3c72821d41a9c802a492a832582d2c8,11055.271363939999,2071613,7450176
0x969c4090c0f79cd5e5153e5eff93b5c9e9746662,11027.857361216136,7412997,7450176
0xb92db40e7e619386701bff921353647870ee405b,11019.10528280618,5384858,7450176
0x1912b29033ef98668cacc3a8dd9f54e1825a09f1,11019.0572096,7390359,7450176
0x1395c7153b531d3b2d53834cf3aee70b919f6fd4,11017.207559,2039362,7450176
0xd821a193b7e97adc2ff3d3d72705d172d36856e5,11004.91696266,2037698,7450176
0x8f55137ad2977759287507fc7be22bd4db7c9ddf,11000.566502046851,6143309,7450176
0x0a0fed0ff3495fe93749cde2b692b7e217dc739c,10999.99998295,7444185,7450176
0x3b5a7bf238b0d4f5f1c3537ca2e08714cca4e040,10981.247210847567,7369431,7450176
0x7bd294c6c8ef2dac5cade78e7b1a5f6944143e78,10976.258819275556,5423512,7450176
0x00311c3e2d2e60fe50df22aca488b170b6cad337,10969.167067432048,6144010,7450176
0x217b326cc8d89b5451a5e83fbb0d32554914e50b,10949.081062309999,7367271,7450176
0x70590e03f2ea2f4eecbbbb1e7aaffa782028bf3e,10949.021601,7443770,7450176
0x9c19b0497997fe9e75862688a295168070456951,10931.246936383228,7450031,7450176
0xe2b2163d27fd2dbb3a7626940f5f3b7ece6d0d2c,10892.21,5904107,7450176
0x00e18a7c74b913a4f28da74fe2c194ed4655d63e,10885.84739889375,6605720,7450176
0x066139a795282b301524500bda30341777b126cc,10879.856331529467,7325946,7450176
0x3e76a62db187aa74f63817533b306cead0e8cebe,10873.802750308574,4762140,7450176
0x7d685ab185ec504ab6fbbee625714dcd7bfe436a,10825.25143650045,7385257,7450176
0x9b2a950bf31ce49ee98285eeef107e5735abe0c5,10796.019058604395,6312451,7450176
